Date,Name of customer,Title,Device,Tasks classification,Ticket id,Assigned to,Assisted by,Description
2025-08-14 17:53:31,A Quality Healthcare & Diagnostic Center Pvt. Ltd.,Application Issue,BA200,Break Down Call (On Call),#1733885193,Abiral Dulal,N/A,
2025-07-13 22:55:03,A Quality Healthcare & Diagnostic Center Pvt. Ltd.,fluid obstruct,BA200,Break Down Call (On Call),#1733885024,Sneha,N/A,
2025-06-20 18:39:21,A Quality Healthcare & Diagnostic Center Pvt. Ltd.,fluid obstruction,BA200,Break Down Call (On Call),#1733884896,Prabhakar Neupane,N/A,
2025-08-05 22:20:49,A Quality Healthcare & Diagnostic Center Pvt. Ltd.,ISSUE IN REAGENT BLOCK,BA200,Break Down Call (On Call),#1733885137,Sneha,N/A,
2025-11-21 15:16:49,A Quality Healthcare & Diagnostic Center Pvt. Ltd.,pms,BA200,PMS,#1733885628,Abiral Dulal,N/A,
2024-11-17 10:49:08,A Quality Healthcare & Diagnostic Center Pvt. Ltd.,PMS of BA200 at A Quality Health Care & Diagnostic Center Pvt. Ltd.,BA200,N/A,#1731819848,Abiral Dulal,N/A,
2025-05-25 18:43:13,A Quality Healthcare & Diagnostic Center Pvt. Ltd.,PMS of the machine,BA200,PMS,#1733884745,Sneha,N/A,
2025-12-03 16:32:57,A Quality Healthcare & Diagnostic Center Pvt. Ltd.,PMS of the machine,BA200,PMS,#1733885688,Abiral Dulal,N/A,
2026-01-29 21:57:48,A Quality Healthcare & Diagnostic Center Pvt. Ltd.,qc setup,BA200,Break Down Call (On Site),#1733885904,Sneha,N/A,
2025-01-24 18:16:36,Aastha Kidney & Specialized Hospital Pvt. Ltd.,3WAY valve change,H33s,Break Down Calls,#1733884172,N/A,N/A,
2025-10-19 09:59:27,Aastha Kidney & Specialized Hospital Pvt. Ltd.,Installation of machine,H33s,Installation,#1733885503,Binita Paudel,N/A,
2025-05-20 22:06:57,Aastha Kidney & Specialized Hospital Pvt. Ltd.,issue in H33s,H33s,Break Down Calls,#1733884729,Samir Paudel,N/A,
2026-05-29 16:32:08,Aastha Kidney & Specialized Hospital Pvt. Ltd.,PMS of the machine,H33s,PMS,#1733886316,Binita Paudel,N/A,
2026-01-09 18:00:26,Aastha Kidney & Specialized Hospital Pvt. Ltd.,PMS of the machine,H33s,Break Down Call (On Site),#1733885834,Binita Paudel,N/A,
2025-11-18 17:14:15,Advance Multispeciality Hospital,Draining Fluidics,BA200,Break Down Call (On Site),#1733885611,Pradip Baral,N/A,
2025-06-01 17:22:56,Akama Hotel,check machine,Dosing Pump,Break Down Calls,#1733884777,Sanu Kaji Tha,N/A,
2025-04-28 17:54:51,Akama Hotel,check machine,Dosing Pump,N/A,#1733884637,Sanu Kaji Tha,N/A,
2025-07-25 20:37:57,Akama Hotel,dosing pump issue,Dosing Pump,Break Down Call (On Site),#1733885084,Sanu Kaji Tha,N/A,
2025-03-13 10:49:34,Akama Hotel,issue in D3000,Dosing Pump,N/A,#1733884435,Sanu Kaji Tha,N/A,
2025-07-18 18:39:48,Akama Hotel,issue in pump,Dosing Pump,Break Down Call (On Site),#1733885047,Sanu Kaji Tha,N/A,
2025-01-09 19:17:31,Akama Hotel,machine issue,Dosing Pump,N/A,#1733884085,Sanu Kaji Tha,N/A,
2025-01-24 10:38:17,Akama Hotel,pump issue,Dosing Pump,Break Down Calls,#1733884164,Sanu Kaji Tha,N/A,
2024-08-29 14:44:04,Al Khaleej Medical Center,abnormal voltage,H33s,Break Down Calls,#8847418,N/A,N/A,
2024-11-21 15:45:09,Al Khaleej Medical Center,Background abnormal,H33s,Break Down Calls,#1309211,Sujan Babu Karki, Nabin Bhandari,
2024-09-19 13:07:01,Al Khaleej Medical Center,Background voltage abnormal,H33s,Break Down Calls,#9816000,N/A,N/A,
2024-09-09 13:15:17,Al Khaleej Medical Center,Calibration data issue,H33s,Break Down Calls,#1977422,Prabhakar Neupane,N/A,
2024-11-19 17:23:58,Al Khaleej Medical Center,earthing issue check,H33s,OnSite Visit,#8163815,Abiral Dulal,N/A,
2025-08-20 13:32:42,Al Khaleej Medical Center,installation of Z50,Z50,Installation,#1733885220,Samir Paudel,Sneha Munankami,
2024-07-09 14:22:57,Al Khaleej Medical Center,LIS connection,H33s,Break Down Calls,#9791590,Prabhakar Neupane,N/A,
2024-07-03 16:26:05,Al Khaleej Medical Center,LIS connection,H33s,Break Down Calls,#6367302,Prabhakar Neupane,N/A,
2024-06-09 12:22:43,Al Khaleej Medical Center,LIS connection: Requesting for Contact Number for Post Support Survey,H33s,Follow-up(Observation),#7498678,Prabhakar Neupane,N/A,Lis connection issue
2025-04-27 21:29:58,Al Khaleej Medical Center,machine check,H33s,PMS,#1733884631,Sneha,N/A,
2026-02-04 12:16:11,Al Khaleej Medical Center,PMS of the machine,Z50,PMS,#1733885926,Prabhakar Neupane,N/A,
2025-12-29 17:08:06,Al Khaleej Medical Center,PMS of the machine,Z50,PMS,#1733885793,Sneha,N/A,
2025-01-27 16:52:46,Al Khaleej Medical Center,PMS of the machine,H33s,PMS,#1733884179,N/A,N/A,
2025-09-18 16:05:25,Al Khaleej Medical Center,QC ISSUE,Z50,Break Down Call (On Site),#1733885338,Sneha,N/A,
2025-08-01 14:24:43,Al Khaleej Medical Center,wbc clog,H33s,Break Down Call (On Site),#1733885123,Prabhakar Neupane,Sneha Munankami,
2025-09-05 16:45:17,Aloft Hotel,Breakdown,Dosing Pump,Break Down Call (On Site),#1733885292,Sanu Kaji Tha,N/A,
2025-08-06 17:19:09,Aloft Hotel,CHECK MACHINE,Ergodisc 165,Break Down Call (On Site),#1733885152,Sanu Kaji Tha,N/A,
2025-02-23 16:40:55,Aloft Hotel,check machine,Dosing Pump,Break Down Calls,#1733884342,Sanu Kaji Tha,N/A,
2026-01-08 09:32:21,Aloft Hotel,chemical pump issue,Dosing Pump,Break Down Call (On Site),#1733885828,Sanu Kaji Tha,N/A,
2025-08-21 09:31:14,Aloft Hotel,chemical pump issue,Dosing Pump,Break Down Call (On Site),#1733885224,Sanu Kaji Tha,N/A,
2026-04-30 11:05:11,Aloft Hotel,chemical pump not working,Dosing Pump,Break Down Call (On Site),#1733886222,Sanu Kaji Tha,N/A,
2024-11-20 12:47:17,Aloft Hotel,DF1 check,Dosing Pump,Break Down Calls,#7388779,Sanu Kaji Tha,N/A,
2026-05-12 12:49:50,Aloft Hotel,Installing laundry of chemical pump DF10,Dosing Pump,Installation,#1733886261,Sanu Kaji Tha,N/A,
2025-01-16 17:53:52,Aloft Hotel,issue in df1,Dosing Pump,Break Down Calls,#1733884115,Sanu Kaji Tha,N/A,
2025-06-24 13:58:38,Aloft Hotel,machine check,Ergodisc 165,Break Down Call (On Site),#1733884922,Sanu Kaji Tha,N/A,
2025-03-24 18:33:10,Aloft Hotel,machine issue,Dosing Pump,N/A,#1733884507,Sanu Kaji Tha,N/A,
2025-11-24 10:50:56,Aloft Hotel,pump leakage,Dosing Pump,Break Down Call (On Site),#1733885634,Sanu Kaji Tha,N/A,
2025-05-27 21:51:02,Amitabh Buddha Medical Center Pvt. Ltd.,PMS OF BA200,BA200,N/A,#1733884763,Samir Paudel,N/A,
2025-06-09 20:48:36,Amitabh Buddha Medical Center Pvt. Ltd.,washing solution empty and baseline expire,BA200,N/A,#1733884826,Sujan Babu Karki,N/A,
2025-09-26 12:09:39,Ananda Hotel,Issue in 165,Ergodisc 165,Break Down Call (On Site),#1733885423,Sanu Kaji Tha,N/A,
2025-03-17 21:22:05,Ananda Hotel,issue in machine,Ergodisc 165,Break Down Calls,#1733884465,Sanu Kaji Tha,N/A,
2025-01-12 08:58:07,Anmol Medical Center Pvt. Ltd.,AMC proposal,BA200,N/A,#1733884095,Abiral Dulal,N/A,
2024-12-25 17:04:59,Anmol Medical Center Pvt. Ltd.,BA200 issue,BA200,Break Down Calls,#1733883996,N/A,"Nabin Bhandari,",
2025-01-02 08:58:06,Anmol Medical Center Pvt. Ltd.,BioSystems - PMS and Expiry Alert !! (10) - indivual and new ticket raised,BA200,N/A,#1733884038,Sneha,N/A,
2024-09-10 16:19:42,Anmol Medical Center Pvt. Ltd.,Follow up of the machine,BA200,Follow-up(Observation),#4275798,Samir Paudel,N/A,
2025-06-20 18:38:32,Anmol Medical Center Pvt. Ltd.,home sensor issue,BA200,Break Down Call (On Call),#1733884894,Abiral Dulal,N/A,
2024-12-22 18:27:48,Anmol Medical Center Pvt. Ltd.,issue in BA200,BA200,Break Down Calls,#1733883976,Abiral Dulal,N/A,
2024-10-24 18:03:16,Anmol Medical Center Pvt. Ltd.,issue in ba200,BA200,Break Down Calls,#1151946,N/A,N/A,
2025-06-24 13:01:15,Anmol Medical Center Pvt. Ltd.,PMS OF BA200,BA200,PMS,#1733884917,Abiral Dulal,N/A,
2025-12-23 13:53:33,Anmol Medical Center Pvt. Ltd.,PMS of the machine,BA200,PMS,#1733885760,Prabhakar Neupane,N/A,
2024-09-11 12:59:47,Anmol Medical Center Pvt. Ltd.,PMS of the machine,BA200,PMS,#8028245,N/A,N/A,
2025-06-06 14:15:46,Anmol Medical Center Pvt. Ltd.,QC setup,BA200,Break Down Call (On Call),#1733884802,Samir Paudel,N/A,
2026-02-04 17:15:29,Anmol Medical Center Pvt. Ltd.,qc setup and sample block,BA200,Break Down Call (On Call),#1733885928,Pratikshya Budhathoki,N/A,
2024-09-24 14:18:46,Anmol Medical Center Pvt. Ltd.,Rotor overflow issue,BA200,Break Down Calls,#7468678,N/A,N/A,
2025-10-17 10:14:24,Anmol Medical Center Pvt. Ltd.,Washing solution blockage issue,BA200,Break Down Call (On Site),#1733885488,Abiral Dulal,N/A,
2025-02-09 10:56:47,Apple Medical Center Pvt. Ltd.,2ND PMS of the machine - new ticket raised,i-SMART 30 PRO,PMS,#1733884244,Sneha,N/A,
2024-05-26 16:14:28,Apple Medical Center Pvt. Ltd.,Abnormal value of WBC and differential count,H33s,Break Down Calls,#2632781,Sneha,N/A,Abnormal value of the WBC and differential count
2025-12-15 17:29:30,Apple Medical Center Pvt. Ltd.,albumin result issue,Piccolo Chem,Break Down Call (On Site),#1733885727,Abiral Dulal,N/A,
2025-09-08 23:10:30,Apple Medical Center Pvt. Ltd.,application issue,Magic L 6000,Break Down Call (On Site),#1733885303,Abiral Dulal,N/A,
2024-10-28 18:04:38,Apple Medical Center Pvt. Ltd.,application issue,Magic L 6000,Break Down Calls,#6694706,N/A,N/A,
2024-08-20 16:15:32,Apple Medical Center Pvt. Ltd.,Application Issue,Piccolo Chem,Application,#5968190,N/A,N/A,
2025-07-06 22:25:22,Apple Medical Center Pvt. Ltd.,assemble part,Magic L 6000,Break Down Call (On Site),#1733884983,Abiral Dulal,N/A,
2024-07-12 10:12:09,Apple Medical Center Pvt. Ltd.,Belt Issue,Piccolo Chem,Break Down Calls,#3133355,Samir Paudel,N/A,
2025-02-17 17:49:13,Apple Medical Center Pvt. Ltd.,bilrubin result,Piccolo Chem,Break Down Calls,#1733884300,Samir Paudel,N/A,
2025-09-05 16:56:52,Apple Medical Center Pvt. Ltd.,Breakdown,Magic L 6000,Break Down Call (On Call),#1733885297,Abiral Dulal,N/A,
2025-07-15 09:57:46,Apple Medical Center Pvt. Ltd.,Breakdown,Magic L 6000,Break Down Call (On Call),#1733885027,Prabhakar Neupane,"Sneha Munankami,Abiral Dulal",
2025-06-25 10:12:59,Apple Medical Center Pvt. Ltd.,Breakdown,Magic L 6000,Break Down Call (On Site),#1733884926,Abiral Dulal,N/A,
2024-05-09 16:50:55,Apple Medical Center Pvt. Ltd.,Cable connection issue,H33s,Break Down Calls,#8430868,Sneha,N/A,
2025-09-15 21:43:32,Apple Medical Center Pvt. Ltd.,calibration and qc,Magic L 6000,Break Down Call (On Site),#1733885320,Abiral Dulal,N/A,
2026-01-13 09:38:09,Apple Medical Center Pvt. Ltd.,cartridge reinstall,i-SMART 30 PRO,Break Down Call (On Site),#1733885845,Sneha,N/A,
2025-07-30 21:50:00,Apple Medical Center Pvt. Ltd.,creatinine issue,Piccolo Chem,Break Down Call (On Call),#1733885113,Abiral Dulal,N/A,
2025-07-28 17:17:20,Apple Medical Center Pvt. Ltd.,creatinine issue,Piccolo Chem,Break Down Call (On Call),#1733885099,Samir Paudel,N/A,
2025-05-20 22:03:54,Apple Medical Center Pvt. Ltd.,gripper motor issue,Magic L 6000,Break Down Call (On Site),#1733884727,Prabhakar Neupane,Sneha Munankami,
2024-08-28 14:55:00,Apple Medical Center Pvt. Ltd.,Installation of benesphera electrolyte,i-SMART 30 PRO,Installation,#3153796,N/A,N/A,
2024-09-15 12:06:35,Apple Medical Center Pvt. Ltd.,Installation of machine,Magic L 6000,Installation,#1733803,N/A,Samir Paudel,
2024-11-27 10:43:52,Apple Medical Center Pvt. Ltd.,issue in ecg,iE12A,Break Down Calls,#4890364,N/A, Pradip Baral,
2025-07-11 17:29:14,Apple Medical Center Pvt. Ltd.,issue in electrolyte analyzer,i-SMART 30 PRO,Break Down Call (On Site),#1733885013,Abiral Dulal,N/A,
2025-05-14 20:36:32,Apple Medical Center Pvt. Ltd.,issue in electrolyte analyzer,i-SMART 30 PRO,Break Down Calls,#1733884698,Sneha,N/A,
2024-12-11 17:39:49,Apple Medical Center Pvt. Ltd.,issue in GPT,Piccolo Chem,Break Down Calls,#1733883910,N/A,N/A,
2024-10-22 16:11:19,Apple Medical Center Pvt. Ltd.,Issue in graph of ECG,iE12A,Break Down Calls,#5617973,N/A,N/A,
2025-07-23 11:29:54,Apple Medical Center Pvt. Ltd.,issue in machine,Piccolo Chem,Break Down Call (On Site),#1733885071,Abiral Dulal,N/A,
2025-08-12 13:19:55,Apple Medical Center Pvt. Ltd.,issue in Piccolo Chem,Piccolo Chem,Break Down Call (On Call),#1733885169,Abiral Dulal,N/A,
2025-08-05 22:19:44,Apple Medical Center Pvt. Ltd.,issue in qc,Magic L 6000,Break Down Call (On Call),#1733885135,Abiral Dulal,N/A,
2025-05-14 20:37:56,Apple Medical Center Pvt. Ltd.,magic L gripper issue,Magic L 6000,Break Down Calls,#1733884699,Samir Paudel,N/A,
2024-06-25 10:14:03,Apple Medical Center Pvt. Ltd.,MagicL 6000 Installation,Magic L 6000,Pre Installation,#7315033,N/A,N/A,
2025-04-30 18:27:57,Apple Medical Center Pvt. Ltd.,PMS and issue in magic L6000,Magic L 6000,Break Down Calls,#1733884648,Samir Paudel,N/A,
2025-08-15 10:34:26,Apple Medical Center Pvt. Ltd.,PMS of the machine,Magic L 6000,PMS,#1733885198,Abiral Dulal,N/A,
2025-02-02 11:01:14,Apple Medical Center Pvt. Ltd.,PMS of the machine,Magic L 6000,PMS,#1733884206,Prabhakar Neupane,N/A,
2025-01-01 18:10:15,Apple Medical Center Pvt. Ltd.,PMS of the machine,Piccolo Chem,PMS,#1733884037,N/A,N/A,
2025-06-09 19:26:05,Apple Medical Center Pvt. Ltd.,Qc issue,Piccolo Chem,Break Down Call (On Site),#1733884822,Samir Paudel,N/A,
2025-04-07 08:45:38,Apple Medical Center Pvt. Ltd.,qc issue,Piccolo Chem,Break Down Calls,#1733884554,Prabhakar Neupane,N/A,
2025-08-03 13:23:57,Apple Medical Center Pvt. Ltd.,qc run in magicl6000,Magic L 6000,Break Down Call (On Site),#1733885133,Abiral Dulal,N/A,
2024-09-02 14:26:54,Apple Medical Center Pvt. Ltd.,Reagent issue,Piccolo Chem,Application,#1953982,N/A,N/A,
2025-05-20 22:03:14,Apple Medical Center Pvt. Ltd.,reagent setup and training,Piccolo Chem,Application Visit,#1733884726,Prabhakar Neupane,Sneha Munankami,
2025-07-25 20:33:00,Apple Medical Center Pvt. Ltd.,"run calibration, result",Magic L 6000,Break Down Call (On Site),#1733885077,Abiral Dulal,N/A,
2024-06-18 10:40:34,Apple Medical Center Pvt. Ltd.,Sampling needle alignment issue,Piccolo Chem,Break Down Calls,#9792533,N/A,N/A,
2025-12-15 17:29:03,Apple Medical Center Pvt. Ltd.,tsh setup qc run,Magic L 6000,Break Down Call (On Site),#1733885726,Abiral Dulal,N/A,
2025-11-06 16:24:55,Araniko Hospital Pvt. Ltd.,background abn issue,H33s,Break Down Call (On Site),#1733885571,Pradip Baral,N/A,
2025-09-26 12:08:52,Araniko Hospital Pvt. Ltd.,H33S ISSUE,H33s,Break Down Call (On Site),#1733885422,Pradip Baral,N/A,
2025-09-25 11:38:29,Araniko Hospital Pvt. Ltd.,isens issue,i-SMART 30 PRO,Break Down Call (On Site),#1733885417,Pradip Baral,N/A,
2025-02-19 17:12:55,Araniko Hospital Pvt. Ltd.,i-SMART 30 PRO check,i-SMART 30 PRO,OnSite Visit,#1733884314,Pradip Baral,N/A,
2025-09-14 12:43:15,Araniko Hospital Pvt. Ltd.,issue in 30pro,i-SMART 30 PRO,Break Down Call (On Site),#1733885313,Pradip Baral,N/A,
2025-05-05 10:40:14,Araniko Hospital Pvt. Ltd.,issue on HB,H33s,Break Down Calls,#1733884661,Pradip Baral,N/A,
2024-12-16 17:45:43,Araniko Hospital Pvt. Ltd.,PMS of the machine,i-SMART 30 PRO,PMS,#1733883943,Pradip Baral,N/A,
2025-08-11 11:32:55,Araniko Hospital Pvt. Ltd.,replacement of battery,i-SMART 30 PRO,Break Down Call (On Site),#1733885166,Pradip Baral,N/A,
2025-06-01 17:24:11,Araniko Hospital Pvt. Ltd.,slope error,i-SMART 30 PRO,Break Down Calls,#1733884778,Pradip Baral,N/A,
2024-09-22 14:55:22,Araniko Hospital Pvt. Ltd.,Slope error,i-SMART 30 PRO,Break Down Calls,#8444662,Pradip Baral,N/A,
2025-01-08 17:51:50,Araniko Hospital Pvt. Ltd.,sodium value high,i-SMART 30 PRO,Break Down Calls,#1733884077,Pradip Baral,N/A,
2025-01-24 17:21:10,Araniko Hospital Pvt. Ltd.,Software Update of electrolyte,i-SMART 30 PRO,Break Down Calls,#1733884167,Pradip Baral,"Shiwam Paudel,",
2026-04-27 10:59:25,Arin Hospital,Divermite fitting,Divermite,Break Down Call (On Site),#1733886206,Sanu Kaji Tha,N/A,
2026-05-17 12:53:37,Arin Hospital,Installation of Ergodis 165,Ergodisc 165,Installation,#1733886279,Sanu Kaji Tha,N/A,
2026-05-05 09:22:27,Arin Hospital,Installation of machine,Divermite,Installation,#1733886231,Sanu Kaji Tha,N/A,
2024-11-22 14:56:06,Ashraya Medical Hall,Background abnormal,H33s,Break Down Calls,#7933740,Pradip Baral,N/A,
2025-02-24 16:49:35,Ashraya Medical Hall,lyse expired issue,H33s,Break Down Calls,#1733884353,Pradip Baral,N/A,
2024-11-15 11:12:11,Ashraya Medical Hall,platelets fluctuations issue,H33s,Break Down Calls,#6713558,Pradip Baral,N/A,
2025-10-27 10:08:57,Ashraya Medical Hall,Startup Issue,H33s,Break Down Call (On Site),#1733885511,Pradip Baral,N/A,
2025-01-19 17:22:56,Ashraya Medical Hall,wast sensor wire damaged by mouse,H33s,Break Down Calls,#1733884127,Pradip Baral,N/A,
2025-01-08 17:51:20,Ashraya Medical Hall,WBC Clogging,H33s,Break Down Calls,#1733884076,Pradip Baral,N/A,
2025-10-27 10:12:48,B & B Hospital,Belt change,Ergodisc 165,Break Down Call (On Site),#1733885512,Sanu Kaji Tha,N/A,
2025-05-16 22:23:27,B & B Hospital,ergodisc 165 check,Ergodisc 165,Break Down Calls,#1733884709,Sanu Kaji Tha,N/A,
2025-01-06 14:26:42,B & B Hospital,ergodisc 165 spares change,Ergodisc 165,Break Down Calls,#1733884060,Sanu Kaji Tha,N/A,
2026-06-02 12:27:02,B & B Hospital,MACHINE CHECK,Ergodisc 165,Break Down Call (On Site),#1733886330,Sanu Kaji Tha,N/A,
2025-05-28 14:04:08,B & B Hospital,part change in ergodisc 165,Ergodisc 165,Break Down Calls,#1733884764,Sanu Kaji Tha,N/A,
2024-08-15 14:55:51,B & C Medical College Teaching Hospital & Research Center,Cartridge Issue,i-SMART CARE 10,Break Down Calls,#6844609,Pradip Baral,N/A,
2024-12-03 16:30:39,B & C Medical College Teaching Hospital & Research Center,Slope error,i-SMART CARE 10,Break Down Calls,#2122166,Pradip Baral,N/A,
2025-06-20 18:41:50,KHDC Nepal - Dharan,A1 CARE LAMP ISSUE,A1Care,Break Down Call (On Site),#1733884898,Anil Mandal,N/A,
2025-06-18 12:56:28,B.P. Koirala Institute of Health Sciences (BPKIHS) - Dharan,Breakdown,MedioStar,Break Down Call (On Call),#1733884874,Anil Mandal,N/A,
2025-06-18 12:55:25,B.P. Koirala Institute of Health Sciences (BPKIHS) - Dharan,Breakdown,MedioStar,Break Down Call (On Call),#1733884873,Anil Mandal,N/A,
2026-05-13 13:32:47,B.P. Koirala Institute of Health Sciences (BPKIHS) - Dharan,Follow Up,H51,PMS,#1733886268,Abiral Dulal,Sneha Munankami,
2025-01-07 18:05:08,B.P. Koirala Institute of Health Sciences (BPKIHS) - Dharan,h51 and payment issue,H51,OnSite Visit,#1733884067,Anil Mandal,N/A,
2024-12-20 14:26:03,B.P. Koirala Institute of Health Sciences (BPKIHS) - Dharan,H51 issue,H51,Break Down Calls,#1733883964,Anil Mandal,N/A,
2024-11-21 15:45:54,B.P. Koirala Institute of Health Sciences (BPKIHS) - Dharan,H51 issue,H51,Break Down Calls,#4469275,Anil Mandal,N/A,
2025-03-18 21:04:48,B.P. Koirala Institute of Health Sciences (BPKIHS) - Dharan,issue in H51,H51,Break Down Calls,#1733884470,Anil Mandal,N/A,
2025-01-22 15:35:24,B.P. Koirala Institute of Health Sciences (BPKIHS) - Dharan,issue in H51,H51,Break Down Calls,#1733884148,Anil Mandal,N/A,
2025-04-01 17:08:18,B.P. Koirala Institute of Health Sciences (BPKIHS) - Dharan,issue of H51 autoloader,H51,Break Down Calls,#1733884541,Anil Mandal,N/A,
2025-11-13 11:02:02,B.P. Koirala Institute of Health Sciences (BPKIHS) - Dharan,issue on autoloader,H51,Break Down Call (On Site),#1733885594,Abiral Dulal,N/A,
2025-11-12 11:43:58,B.P. Koirala Institute of Health Sciences (BPKIHS) - Dharan,issue on autoloader,H51,Break Down Call (On Site),#1733885589,Pradip Baral,N/A,
2025-06-17 19:14:01,B.P. Koirala Institute of Health Sciences (BPKIHS) - Dharan,leakage in 5 part,H51,Break Down Call (On Site),#1733884869,Anil Mandal,N/A,
2025-03-25 10:20:31,B.P. Koirala Institute of Health Sciences (BPKIHS) - Dharan,leakage issue,H51,Break Down Calls,#1733884508,Anil Mandal,N/A,
2025-01-20 15:28:03,B.P. Koirala Institute of Health Sciences (BPKIHS) - Dharan,result issue,H51,Break Down Calls,#1733884133,Anil Mandal,N/A,
2025-01-03 16:43:10,B.P. Koirala Institute of Health Sciences (BPKIHS) - Dharan,result issue,H51,Break Down Calls,#1733884051,Anil Mandal,N/A,
2024-12-24 17:11:35,B.P. Koirala Institute of Health Sciences (BPKIHS) - Dharan,Result issue,H51,Break Down Calls,#1733883983,Anil Mandal,N/A,
2025-01-16 17:36:44,B.P. Koirala Institute of Health Sciences (BPKIHS) - Dharan,results issue,H51,Break Down Calls,#1733884112,Anil Mandal,N/A,
2024-08-09 16:26:15,B.P. Koirala Memorial Cancer Hospital,Issue in Swingo 455,Taski Swingo 455,Break Down Calls,#1309929,Ashish Pathak,N/A,
2025-01-10 17:35:08,Bakulahar Ratnanagar Hospital,installation of newster,SWT5,Installation,#1733884091,Sujan Babu Karki,"Ashish Pathak,",
2025-08-13 11:54:42,Banepa Diagnostic Laboratory,Application Issue,BTS,Break Down Call (On Call),#1733885181,Abiral Dulal,N/A,
2025-08-05 22:31:25,Banepa Diagnostic Laboratory,bilrubin issue,BTS,Break Down Call (On Site),#1733885146,Abiral Dulal,N/A,
2025-08-05 22:31:01,Banepa Diagnostic Laboratory,installation of bts,BTS,Installation,#1733885145,Abiral Dulal,Sneha Munankami,
2025-10-09 11:45:07,Bayalpata Province Hospital - Accham,Assembling and installation of hardware component,NW 5+,Break Down Call (On Site),#1733885456,Samir Paudel,Sujan Babu Karki,
2026-04-29 09:40:05,Bayalpata Province Hospital - Accham,PMS,NW 5+,PMS,#1733886211,Sujan Babu Karki,N/A,
2026-01-25 15:20:24,Bhaktapur Cancer Hospital,for the visit setup of newster,NW 5+,Break Down Call (On Site),#1733885883,Samir Paudel,Sanu Kaji Tha,
2026-01-30 14:34:49,Bhaktapur Cancer Hospital,Installation of machine,NW 5+,Installation,#1733885908,Sujan Babu Karki,N/A,
2026-01-29 12:34:54,Bhaktapur Cancer Hospital,Installation of machine,NW 5+,Break Down Call (On Site),#1733885897,Sujan Babu Karki,N/A,
2026-01-27 10:43:21,Bhaktapur Cancer Hospital,Installation of machine,NW 5+,Installation,#1733885890,Samir Paudel,Sujan Babu Karki,
2026-01-26 12:33:51,Bhaktapur Cancer Hospital,Installation of machine,NW 5+,Installation,#1733885887,Samir Paudel,"Sanu Kaji Tha,Sujan Babu Karki",
2025-08-14 11:00:48,Bhaktapur Cancer Hospital,pre instalation visit,NW 5+,Pre Installation,#1733885185,Sujan Babu Karki,Sanu Kaji Tha,
2025-09-01 16:57:27,Bhaktapur International Hospital,check machine,Ergodisc 165,Break Down Call (On Site),#1733885261,Sanu Kaji Tha,N/A,
2025-11-13 16:36:44,Bhaktapur International Hospital,Follow up for re run of machine,Liaison,Break Down Call (On Site),#1733885598,Samir Paudel,N/A,
2025-01-02 17:22:31,Bhaktapur International Hospital,leakage of drain pipe,Ergodisc 165,Break Down Calls,#1733884047,Sanu Kaji Tha,N/A,
2025-06-03 16:45:56,Bhaktapur International Hospital,Liaison issue,Liaison,Break Down Calls,#1733884787,Prabhakar Neupane,N/A,
2025-03-24 18:24:10,Bhaktapur International Hospital,Liaison issue,Liaison,Break Down Calls,#1733884503,Samir Paudel,N/A,
2025-02-27 17:17:56,Bhaktapur International Hospital,Liaison issue,Liaison,Break Down Calls,#1733884368,Prabhakar Neupane,N/A,
2025-09-17 17:08:14,Bhaktapur International Hospital,machine inspection,Ergodisc 165,Break Down Call (On Site),#1733885329,Sanu Kaji Tha,N/A,
2025-03-16 14:31:36,Bharatpur Samudayik Hospital (BSH),1st pms of BTS,BTS,PMS,#1733884447,Ashish Pathak,N/A,
2024-06-02 16:08:19,Bharatpur Samudayik Hospital (BSH),AMC discussion ,Liaison,AMC Proposal,#7321842,Sneha,N/A,Discussed about the AMC of Liaison
2025-10-19 09:47:44,Bharatpur Samudayik Hospital (BSH),Baseline error,BA200,Break Down Call (On Site),#1733885500,Ashish Pathak,N/A,
2025-04-23 18:01:50,Bharatpur Samudayik Hospital (BSH),battery issue,i-SMART 30 PRO,Break Down Calls,#1733884619,Ashish Pathak,N/A,
2026-04-23 14:47:48,Bharatpur Samudayik Hospital (BSH),Bilirubin Total Program,BA200,Break Down Call (On Site),#1733886195,Ashish Pathak,N/A,
2025-03-24 18:31:45,Bharatpur Samudayik Hospital (BSH),catastrophic error,Liaison,Break Down Calls,#1733884504,Ashish Pathak,N/A,
2025-10-29 12:52:45,Bharatpur Samudayik Hospital (BSH),Chamber transport issue,Liaison,Break Down Call (On Call),#1733885523,Ashish Pathak,N/A,
2026-01-18 14:27:40,Bharatpur Samudayik Hospital (BSH),collision error,BA200,Break Down Call (On Site),#1733885864,Ashish Pathak,N/A,
2025-01-24 17:19:29,Bharatpur Samudayik Hospital (BSH),Coordinate issue,Liaison,Break Down Calls,#1733884165,Ashish Pathak,N/A,
2025-04-07 08:43:10,Bharatpur Samudayik Hospital (BSH),crp calibration,BA200,Break Down Calls,#1733884551,Ashish Pathak,N/A,
2026-05-25 16:59:18,Bharatpur Samudayik Hospital (BSH),dc issue,Z50,PMS,#1733886301,Ashish Pathak,N/A,
2025-04-13 16:50:36,Bharatpur Samudayik Hospital (BSH),encoder issue,BA200,Break Down Calls,#1733884574,Ashish Pathak,N/A,
2025-04-07 08:43:53,Bharatpur Samudayik Hospital (BSH),encoder issue,BA200,Break Down Calls,#1733884552,Ashish Pathak,N/A,
2025-01-07 18:14:26,Bharatpur Samudayik Hospital (BSH),encoder issue,BA200,Break Down Calls,#1733884072,Ashish Pathak,N/A,
2024-12-26 14:49:57,Bharatpur Samudayik Hospital (BSH),encoder issue,BA200,Break Down Calls,#1733883999,Ashish Pathak,N/A,
2025-09-08 23:14:46,Bharatpur Samudayik Hospital (BSH),followup machine,Liaison,Break Down Call (On Site),#1733885308,Ashish Pathak,N/A,
2024-10-29 14:12:11,Bharatpur Samudayik Hospital (BSH),FT3  FT4 Callibration Issue,Liaison,Break Down Calls,#5621426,Ashish Pathak,N/A,
2024-07-19 11:33:06,Bharatpur Samudayik Hospital (BSH),fT3 Calibration,Liaison,Break Down Calls,#8356661,N/A,N/A,
2024-12-31 17:06:36,Bharatpur Samudayik Hospital (BSH),ft3 low issue,Liaison,Break Down Calls,#1733884023,Ashish Pathak,N/A,
2024-08-12 15:25:12,Bharatpur Samudayik Hospital (BSH),"Ft3,ft4calibration issue",Liaison,Break Down Calls,#6679557,Ashish Pathak,N/A,
2025-03-05 20:59:20,Bharatpur Samudayik Hospital (BSH),ft4 calibration issue,Liaison,Break Down Calls,#1733884407,Ashish Pathak,N/A,
2024-10-03 17:54:20,Bharatpur Samudayik Hospital (BSH),FT4 calibration issue,Liaison,Break Down Calls,#3341260,Ashish Pathak,N/A,
2025-10-07 11:00:19,Bharatpur Samudayik Hospital (BSH),General Visit,BA200,N/A,#1733885451,Ashish Pathak,N/A,
2024-11-23 18:53:00,Bharatpur Samudayik Hospital (BSH),Incubator loader issue,Liaison,Break Down Calls,#3628341,Ashish Pathak,N/A,
2024-12-29 17:17:55,Bharatpur Samudayik Hospital (BSH),Installation of machine,BTS,Installation,#1733884015,Ashish Pathak,N/A,
2025-07-29 23:09:34,Bharatpur Samudayik Hospital (BSH),issue in chamber tranport,Liaison,Break Down Call (On Site),#1733885108,Ashish Pathak,N/A,
2025-05-27 21:49:30,Bharatpur Samudayik Hospital (BSH),lyse sensor issue,H33s,Break Down Calls,#1733884760,Ashish Pathak,N/A,
2025-01-27 19:22:52,Bharatpur Samudayik Hospital (BSH),lyse sensor issue,H33s,Break Down Calls,#1733884182,Ashish Pathak,N/A,
2025-06-20 18:39:55,Bharatpur Samudayik Hospital (BSH),machine not on,Z50,PMS,#1733884897,Ashish Pathak,N/A,
2025-10-31 12:45:30,Bharatpur Samudayik Hospital (BSH),Open Loop Control Issue,Liaison,Break Down Call (On Site),#1733885529,Ashish Pathak,N/A,
2025-10-30 16:39:03,Bharatpur Samudayik Hospital (BSH),PMS,Liaison,PMS,#1733885527,Ashish Pathak,N/A,
2025-04-28 17:53:28,Bharatpur Samudayik Hospital (BSH),PMS of BTS,BTS,PMS,#1733884635,Ashish Pathak,N/A,
2025-04-28 17:56:52,Bharatpur Samudayik Hospital (BSH),PMS of Liaison,Liaison,PMS,#1733884639,Ashish Pathak,N/A,
2026-01-21 09:47:25,Bharatpur Samudayik Hospital (BSH),PMS of the machine,BA200,Break Down Call (On Site),#1733885872,Ashish Pathak,N/A,
2025-01-23 17:10:56,Bharatpur Samudayik Hospital (BSH),PMS of the machine,Liaison,PMS,#1733884156,Ashish Pathak,N/A,
2025-01-23 17:10:15,Bharatpur Samudayik Hospital (BSH),PMS of the machine,BA200,PMS,#1733884155,Ashish Pathak,N/A,
2024-12-13 17:38:10,Bharatpur Samudayik Hospital (BSH),Pusher issue,Liaison,Break Down Calls,#1733883923,Ashish Pathak,N/A,
2025-08-12 11:34:12,Bharatpur Samudayik Hospital (BSH),result out of range,i-SMART 30 PRO,Break Down Call (On Site),#1733885167,Ashish Pathak,N/A,
2024-10-06 09:49:58,Bharatpur Samudayik Hospital (BSH),Results Issue,Z50,Break Down Calls,#9286760,Ashish Pathak,N/A,
2024-09-08 13:33:30,Bharatpur Samudayik Hospital (BSH),Results Issue,i-SMART 30 PRO,Break Down Calls,#6496781,Ashish Pathak,N/A,
2025-04-09 21:32:26,Bharatpur Samudayik Hospital (BSH),RINSE SENSOR ISSUE,H33s,Break Down Calls,#1733884564,Ashish Pathak,N/A,
2025-02-09 16:37:09,Bharatpur Samudayik Hospital (BSH),rotor home error,BA200,Break Down Calls,#1733884249,Ashish Pathak,N/A,
2024-11-12 13:59:21,Bharatpur Samudayik Hospital (BSH),rotor home error,BA200,Break Down Calls,#9320490,Ashish Pathak,N/A,
2026-05-05 09:24:11,Bharatpur Samudayik Hospital (BSH),sample aspiration issue,BA200,Break Down Call (On Site),#1733886234,Ashish Pathak,N/A,
2025-05-20 22:02:37,Bharatpur Samudayik Hospital (BSH),sample aspiration qc setup,BA200,Break Down Calls,#1733884725,Ashish Pathak,N/A,
2025-10-27 10:07:52,Bharatpur Samudayik Hospital (BSH),Samples and reagent step loss issue,BA200,Break Down Call (On Site),#1733885510,Ashish Pathak,N/A,
2025-01-07 18:12:41,Bharatpur Samudayik Hospital (BSH),sodium error,i-SMART 30 PRO,Break Down Calls,#1733884070,Ashish Pathak,N/A,
2024-08-13 11:31:09,Bharatpur Samudayik Hospital (BSH),Software issue,Z50,Break Down Calls,#4579491,Ashish Pathak,N/A,
2024-12-06 15:49:30,Bharatpur Samudayik Hospital (BSH),Starter detection board issue,Liaison,Break Down Calls,#5381205,Ashish Pathak,N/A,
2024-09-23 12:59:51,Bharatpur Samudayik Hospital (BSH),Total Protein Program,BA200,Break Down Calls,#4831031,Ashish Pathak,N/A,
2025-04-21 21:47:12,Bharatpur Samudayik Hospital (BSH),tsh calibration,Liaison,Break Down Calls,#1733884607,Ashish Pathak,N/A,
2024-11-07 10:32:13,Bharatpur Samudayik Hospital (BSH),TSH calibration issue,Liaison,Break Down Calls,#4459477,Ashish Pathak,N/A,
2025-05-09 19:48:26,Bharatpur Samudayik Hospital (BSH),tsh issue,Liaison,Break Down Calls,#1733884673,Ashish Pathak,N/A,
2024-08-28 14:43:15,Bharatpur Samudayik Hospital (BSH),Voltage abnormal,Z50,Break Down Calls,#6885812,Ashish Pathak,N/A,
2025-07-09 22:45:45,Bharatpur Samudayik Hospital (BSH),Voltage issue,Z50,Break Down Call (On Site),#1733884997,Ashish Pathak,N/A,
2026-04-22 16:09:53,Bharatpur Samudayik Hospital (BSH),Wash station Collision,BA200,Break Down Call (On Site),#1733886192,Ashish Pathak,N/A,
2025-06-17 19:14:36,Bharatpur Samudayik Hospital (BSH),washer and chamber issue,Liaison,Break Down Call (On Site),#1733884870,Ashish Pathak,N/A,
2025-07-22 22:25:19,Bharatpur Samudayik Hospital (BSH),washer assembly issue,Liaison,Break Down Call (On Site),#1733885067,Ashish Pathak,N/A,
2025-09-17 20:51:05,Bharatpur Samudayik Hospital (BSH),washer inspection issue,Liaison,Break Down Call (On Site),#1733885332,Ashish Pathak,N/A,
2025-08-07 14:14:35,Bharatpur Samudayik Hospital (BSH),Washer issue,Liaison,Break Down Call (On Site),#1733885156,Ashish Pathak,N/A,
2024-10-22 12:28:07,Bharatpur Samudayik Hospital (BSH),washer jam issue,Liaison,Break Down Calls,#6876581,Ashish Pathak,N/A,
2025-01-17 09:44:41,Bharatpur Samudayik Hospital (BSH),washer overflow,Liaison,Break Down Calls,#1733884117,Ashish Pathak,N/A,
2026-06-01 17:30:23,Bharatpur Samudayik Hospital (BSH),washer transport issue,BA200,Break Down Call (On Site),#1733886328,Ashish Pathak,N/A,
2025-12-16 17:11:24,Bharatpur Samudayik Hospital (BSH),washer transport issue,Liaison,Break Down Call (On Call),#1733885734,Ashish Pathak,N/A,
2025-09-25 16:56:31,Bharatpur Samudayik Hospital (BSH),washer transport issue,Liaison,Break Down Call (On Site),#1733885421,Ashish Pathak,N/A,
2025-04-09 21:31:55,Bharatpur Samudayik Hospital (BSH),Washer transport issue,Liaison,Break Down Calls,#1733884563,Ashish Pathak,N/A,
2024-11-15 11:15:28,Bharatpur Samudayik Hospital (BSH),Washer tubes leaking,Liaison,Break Down Calls,#5785316,Ashish Pathak,N/A,
2025-01-13 16:56:22,Bharatpur Samudayik Hospital (BSH),Water tank limit,BA200,Break Down Calls,#1733884103,Ashish Pathak,N/A,
2025-06-29 21:39:27,Bharatpur Samudayik Hospital (BSH),wbc clog,Z50,Break Down Call (On Site),#1733884948,Ashish Pathak,N/A,
2025-06-02 14:52:03,Bharatpur Samudayik Hospital (BSH),wbc clog,H33s,Break Down Calls,#1733884783,Ashish Pathak,N/A,
2025-06-02 10:09:15,Bharosha Hospital Chitwan Pvt. Ltd.,Installation of Ergodisc 165 and vacumat,Ergodisc 165,Installation,#1733884780,Ashish Pathak,N/A,
2025-05-19 18:02:36,Bhim Hospital,cartridge issue,i-SMART CARE 10,Break Down Calls,#1733884720,Ashish Pathak,N/A,
2026-05-17 16:01:22,Bibhuti Hospital,A15- Lamp Expiry,A15,Break Down Call (On Site),#1733886280,Binita Paudel,N/A,
2024-12-31 17:24:47,Bibhuti Hospital,followup of machine,i-SMART 30 PRO,OnSite Visit,#1733884025,N/A,N/A,
2025-11-09 09:32:16,Bibhuti Hospital,Lamp expiration,A15,Break Down Call (On Site),#1733885577,Binita Paudel,Samir Paudel,
2025-10-27 10:15:26,Bir Hospital, Vacuum Motor issue,Taski Swingo 755,Break Down Call (On Site),#1733885514,Sanu Kaji Tha,N/A,
2026-01-16 14:35:43,Bir Hospital,check ventilator,NKV 550,Break Down Call (On Site),#1733885857,Samir Paudel,Abiral Dulal,
2024-11-27 15:59:08,Bir Hospital,exhalation valve issue,NKV 550,Break Down Calls,#6402346,Pratikshya Budhathoki,"NishenAdhikari,",
2026-05-11 17:02:47,Bir Hospital,flow sensor exhalation faulty,NKV 550,Break Down Call (On Site),#1733886257,Samir Paudel,N/A,
2025-09-23 13:57:57,Bir Hospital,NKV 550,NKV 550,Break Down Call (On Site),#1733885401,Samir Paudel,Abiral Dulal,
2025-08-19 09:38:11,Bir Hospital,o2 sensor fault,NKV 550,Break Down Call (On Site),#1733885209,Samir Paudel,Abiral Dulal,
2024-06-12 16:22:12,Bir Hospital,PMS ,NKV 550,PMS,#9611635,N/A,N/A,
2024-06-12 16:21:36,Bir Hospital,PMS ,NKV 550,PMS,#8849461,N/A,N/A,
2024-06-12 16:20:32,Bir Hospital,PMS ,NKV 550,PMS,#4673414,N/A,N/A,
2025-08-07 14:15:42,Bir Hospital,spare change,Ergodisc 165,Break Down Call (On Site),#1733885158,Sanu Kaji Tha,N/A,
2025-05-16 22:22:43,Bir Hospital,swingo 755 check,Ergodisc 165,Break Down Calls,#1733884708,Sanu Kaji Tha,N/A,
2025-08-17 14:35:55,Bir Hospital,swingo maintenance,Taski Swingo 755,Break Down Call (On Site),#1733885200,Sanu Kaji Tha,N/A,
2025-02-21 16:37:12,Bir Hospital,system leak,NKV 550,Break Down Calls,#1733884327,Samir Paudel,N/A,
2024-06-23 16:06:30,Bir Hospital,To check Ventilator,NKV 550,Break Down Calls,#3962932,Pratikshya Budhathoki,N/A,
2024-12-15 08:10:06,Bir Hospital,Ventilator - PMS and Expiry ALERT !! (Batch #7),NKV 550,PMS,#1733883929,Samir Paudel,N/A,
2025-08-05 22:23:36,Bir Hospital,ventilator issue,NKV 550,Break Down Call (On Site),#1733885140,Samir Paudel,N/A,
2024-12-05 16:37:48,Bir Hospital,Ventilator issue,NKV 550,Break Down Calls,#1520475,Samir Paudel,N/A,
2024-11-26 13:43:14,Bir Hospital,Ventilator Issue,NKV 550,Break Down Calls,#9523609,Samir Paudel,"NishenAdhikari,",
2024-10-30 17:37:52,Bir Hospital,Ventilator Issue,NKV 550,OnSite Visit,#3712077,Prabhakar Neupane,N/A,
2024-10-17 17:50:13,Bir Hospital,Ventilator Issue,NKV 550,Break Down Calls,#2633073,N/A,Prasanna Sigdel,
2025-06-01 09:49:06,Bir Hospital,ventilator oxygen change,NKV 550,Break Down Calls,#1733884775,Samir Paudel,N/A,
2025-01-12 05:04:06,Birat Medical College Teaching Hospital,Asclepion - PMS and Expiry Alert !! (1),AlexStar DUO,PMS,#1733884094,Anil Mandal,N/A,
2025-01-17 05:04:05,Birat Medical College Teaching Hospital,Asclepion - PMS and Expiry Alert !! (2),AlexStar DUO,N/A,#1733884116,Anil Mandal,N/A,
2025-05-15 20:09:16,Birat Medical College Teaching Hospital,board change in Wholebody Phototherapy,Wholebody Phototherapy,Break Down Calls,#1733884704,Anil Mandal,N/A,
2024-12-10 15:04:35,Birat Medical College Teaching Hospital,Diode laser issue,AlexStar DUO,Break Down Calls,#6637235,Anil Mandal,N/A,
2024-11-05 14:39:56,Birat Medical College Teaching Hospital,General follow up of machine,Hydra Pro MF Gold,OnSite Visit,#6030956,Pratikshya Budhathoki,Anil Mandal,
2025-02-06 15:27:03,Birat Medical College Teaching Hospital,issue in pcr,Cielo6,Break Down Calls,#1733884226,Anil Mandal,N/A,
2025-04-13 21:55:55,Birat Medical College Teaching Hospital,issue in Wholebody Phototherapy,Wholebody Phototherapy,Break Down Calls,#1733884575,Anil Mandal,N/A,
2025-03-25 22:11:51,Birat Medical College Teaching Hospital,machine check,Cielo6,N/A,#1733884513,Anil Mandal,N/A,
2025-04-07 18:34:59,Birat Medical College Teaching Hospital,pcr issue,Cielo6,Break Down Calls,#1733884559,Anil Mandal,N/A,
2025-02-16 16:41:14,Birat Medical College Teaching Hospital,pcr protocol,Cielo6,Break Down Calls,#1733884287,Samir Paudel,N/A,
2025-11-13 11:00:07,Birat Medical College Teaching Hospital,PMS of the machine,AlexStar DUO,Break Down Call (On Site),#1733885593,Abiral Dulal,N/A,
2024-09-20 18:26:35,Birat Medical College Teaching Hospital,Suction Motor Issue,Hydra Pro MF Gold,Break Down Calls,#1522340,Sujan Babu Karki,"PradipBaral,",
2024-10-08 17:34:34,Birendra Army Hospital,Issue in hand piece,Fire-XEL,Break Down Calls,#9846603,Prabhakar Neupane,"SujanBabuKarki,",
2025-12-18 10:38:15,Birendra Army Hospital,issue in swingo,Taski Swingo 455,Break Down Call (On Site),#1733885737,Sanu Kaji Tha,N/A,
2025-02-28 17:13:17,Capital Medical Center Pvt. Ltd.,calibrator setup,BA200,Break Down Calls,#1733884380,Sneha,N/A,
2025-11-26 11:23:35,Capital Medical Center Pvt. Ltd.,pms and breakdown of machine,BA200,PMS,#1733885643,Sneha,N/A,
2025-02-09 10:54:30,Capital Medical Center Pvt. Ltd.,PMS of BA200,BA200,PMS,#1733884241,Abiral Dulal,N/A,
2025-06-17 10:34:19,Capital Medical Center Pvt. Ltd.,PMS of the machine,BA200,PMS,#1733884863,Abiral Dulal,N/A,
2026-02-01 12:12:38,Capital Medical Center Pvt. Ltd.,Rotor overflow issue,BA200,Break Down Call (On Site),#1733885911,Abiral Dulal,Pratikshya Budhathoki,
2024-11-15 15:39:09,Capital Medical Center Pvt. Ltd.,PMS of BA200 at Capital Medical Center Pvt. Ltd.,BA200,PMS,#1731664449,N/A,N/A,
2025-07-25 20:33:27,Central Diagnostic Laboratory & Research Center (CDL),application issue,BA400,Break Down Call (On Site),#1733885078,Samir Paudel,N/A,
2026-05-19 15:21:05,Central Diagnostic Laboratory & Research Center (CDL),Break Down issue,BA400,Break Down Call (On Site),#1733886287,Abiral Dulal,N/A,
2025-07-18 10:10:54,Central Diagnostic Laboratory & Research Center (CDL),Breakdown,BA400,Break Down Call (On Site),#1733885045,Samir Paudel,Sujan Babu Karki,
2026-05-31 12:09:27,Central Diagnostic Laboratory & Research Center (CDL),CHANGE SENSOR,BA400,Break Down Call (On Site),#1733886321,Sneha,N/A,
2025-11-26 11:22:13,Central Diagnostic Laboratory & Research Center (CDL),collision error in reagent arm,BA400,Break Down Call (On Site),#1733885641,Samir Paudel,Abiral Dulal,
2025-12-19 13:07:07,Central Diagnostic Laboratory & Research Center (CDL),communication board change,BA400,Break Down Call (On Site),#1733885744,Samir Paudel,Prabhakar Neupane,
2025-12-05 17:13:46,Central Diagnostic Laboratory & Research Center (CDL),communication error,BA400,Break Down Call (On Site),#1733885695,Samir Paudel,Abiral Dulal,
2025-12-02 09:41:51,Central Diagnostic Laboratory & Research Center (CDL),communication error,BA400,Break Down Call (On Call),#1733885677,Abiral Dulal,N/A,
2025-11-13 16:37:32,Central Diagnostic Laboratory & Research Center (CDL),communication error,BA400,Break Down Call (On Call),#1733885599,Samir Paudel,N/A,
2025-07-11 11:17:21,Central Diagnostic Laboratory & Research Center (CDL),Creatinine Issue,BA400,Break Down Call (On Site),#1733885008,Samir Paudel,N/A,
2025-12-03 13:16:03,Central Diagnostic Laboratory & Research Center (CDL),followup of machine with communication error,BA400,Break Down Call (On Site),#1733885686,Abiral Dulal,N/A,
2025-11-07 10:19:18,Central Diagnostic Laboratory & Research Center (CDL),FollowUp- Urea result issue,BA400,Break Down Call (On Site),#1733885573,Samir Paudel,N/A,
2025-12-29 17:08:29,Central Diagnostic Laboratory & Research Center (CDL),Home sensor error,BA400,Break Down Call (On Site),#1733885794,Samir Paudel,N/A,
2025-05-25 18:43:38,Central Diagnostic Laboratory & Research Center (CDL),Installation of machine,BA400,Installation,#1733884746,Prabhakar Neupane,Samir Paudel,
2025-10-17 17:02:30,Central Diagnostic Laboratory & Research Center (CDL),Issue in the machine,BA400,Break Down Call (On Site),#1733885494,Samir Paudel,N/A,
2025-10-29 12:48:43,Central Diagnostic Laboratory & Research Center (CDL),Load Cell change,BA400,Break Down Call (On Site),#1733885521,Abiral Dulal,Sujan Babu Karki,
2025-10-28 17:40:06,Central Diagnostic Laboratory & Research Center (CDL),"Low contamination leakage, Washing solution not pumping, bottle calibration issu",BA400,Break Down Call (On Site),#1733885520,Abiral Dulal,N/A,
2025-07-04 11:27:36,Central Diagnostic Laboratory & Research Center (CDL),machine observation on site,BA400,Break Down Call (On Site),#1733884973,Samir Paudel,N/A,
2025-09-07 09:38:14,Central Diagnostic Laboratory & Research Center (CDL),Needle bent issue,BA400,Break Down Call (On Site),#1733885299,Samir Paudel,N/A,
2025-07-01 22:18:15,Central Diagnostic Laboratory & Research Center (CDL),observarion of ba400,BA400,N/A,#1733884958,Samir Paudel,N/A,
2026-04-27 10:37:38,Central Diagnostic Laboratory & Research Center (CDL),OVERALL CHECK,BA400,Break Down Call (On Site),#1733886203,Abiral Dulal,N/A,
2025-08-20 11:43:10,Central Diagnostic Laboratory & Research Center (CDL),PMS of the machine,BA400,PMS,#1733885218,Samir Paudel,N/A,
2025-05-18 18:25:44,Central Diagnostic Laboratory & Research Center (CDL),pre instalation visit,BA400,Pre Installation,#1733884712,Prabhakar Neupane,N/A,
2026-01-21 17:27:43,Central Diagnostic Laboratory & Research Center (CDL),pump change,BA400,Break Down Call (On Site),#1733885875,Abiral Dulal,N/A,
2025-10-10 11:11:32,Central Diagnostic Laboratory & Research Center (CDL),QC programming,BA400,Break Down Call (On Call),#1733885458,Abiral Dulal,N/A,
2025-11-30 15:02:23,Central Diagnostic Laboratory & Research Center (CDL),reagent block issue,BA400,Break Down Call (On Site),#1733885667,Abiral Dulal,N/A,
2025-08-05 22:24:03,Central Diagnostic Laboratory & Research Center (CDL),reagent probe change,BA400,Break Down Call (On Site),#1733885141,Samir Paudel,N/A,
2026-05-05 11:27:28,Central Diagnostic Laboratory & Research Center (CDL),return reagent and,BA400,Break Down Call (On Site),#1733886236,Abiral Dulal,N/A,
2025-07-02 18:24:09,Central Diagnostic Laboratory & Research Center (CDL),RUN calibration and qc,BA400,Break Down Call (On Site),#1733884959,Samir Paudel,N/A,
2025-08-27 12:15:23,Central Diagnostic Laboratory & Research Center (CDL),stirrer home error,BA400,Break Down Call (On Site),#1733885246,Sneha,N/A,
2025-07-10 17:56:59,Central Diagnostic Laboratory & Research Center (CDL),stirrer home error,BA400,Break Down Call (On Site),#1733885006,Abiral Dulal,N/A,
2025-06-30 10:22:21,Central Diagnostic Laboratory & Research Center (CDL),user training,BA400,Break Down Call (On Site),#1733884949,Abiral Dulal,N/A,
2024-11-11 09:39:28,Changunarayan Hospital,Installation of machine,Z50,Installation,#2990401,Samir Paudel,N/A,
2025-03-06 17:49:21,Changunarayan Hospital,z50 check,Z50,Break Down Calls,#1733884410,Samir Paudel,N/A,
2025-02-18 13:08:44,Chetana Swasthya Sewa Kendra,8th PMS of BA200,BA200,PMS,#1733884304,Sneha,N/A,
2024-06-30 10:58:18,Chetana Swasthya Sewa Kendra,Application issue,BA200,Application,#1822453,Prabhakar Neupane,N/A,"BA200 application issue, Reference range for all parameters need to be edited"
2024-07-07 11:35:38,Chetana Swasthya Sewa Kendra,Ba200 baseline error,BA200,Break Down Calls,#9603078,Prabhakar Neupane,N/A,reaction rotor overflow issue
2025-11-06 10:20:41,Chetana Swasthya Sewa Kendra,BILRUBIN QC ISSUE,BA200,Break Down Call (On Call),#1733885555,Sneha,N/A,
2025-02-25 17:20:32,Chetana Swasthya Sewa Kendra,control new lot setup,BA200,Break Down Calls,#1733884358,Sneha,N/A,
2025-02-24 16:45:25,Chetana Swasthya Sewa Kendra,control result,BA200,Break Down Calls,#1733884350,Sneha,N/A,
2025-08-29 14:01:59,Chetana Swasthya Sewa Kendra,leakage from machine,BA200,Break Down Call (On Site),#1733885255,Sujan Babu Karki,Sneha Munankami,
2025-09-14 12:44:37,Chetana Swasthya Sewa Kendra,leakage internal,BA200,Break Down Call (On Site),#1733885315,Abiral Dulal,N/A,
2025-09-02 16:59:48,Chetana Swasthya Sewa Kendra,LEAKAGE ISSUE,BA200,Break Down Call (On Site),#1733885265,Pratikshya Budhathoki,N/A,
2024-08-16 10:54:37,Chetana Swasthya Sewa Kendra,PMS,BA200,Break Down Calls,#4938795,N/A,N/A,
2025-12-25 11:45:24,Chetana Swasthya Sewa Kendra,PMS of the machine,BA200,PMS,#1733885772,Prabhakar Neupane,Abiral Dulal,
2025-01-09 19:15:09,Chetana Swasthya Sewa Kendra,QC REPORT ISSUE,BA200,Break Down Calls,#1733884084,N/A,N/A,
2024-08-20 16:13:42,Chetana Swasthya Sewa Kendra,Rotor Rejection,BA200,Break Down Calls,#9345048,Prabhakar Neupane,N/A,
2025-07-17 17:41:31,Chetana Swasthya Sewa Kendra,sample arm loss,BA200,Break Down Call (On Site),#1733885039,Samir Paudel,Nishen Adhikari,
2024-10-21 17:26:23,Chetana Swasthya Sewa Kendra,water tank impossible to fill in,BA200,Break Down Calls,#2139234,N/A,N/A,
2024-11-26 15:45:11,Chetana Swasthya Sewa Kendra,PMS of BA200 at Chetana Swasthya Sewa Kendra,BA200,PMS,#1732615211,Abiral Dulal,N/A,
2025-09-18 14:09:42,Chirayu Naitonal Hospital & Medical Institute, pump issue,BA200,Break Down Call (On Site),#1733885335,Samir Paudel,N/A,
2025-02-18 15:15:26,Chirayu Naitonal Hospital & Medical Institute,ba200 spare change,BA200,Break Down Calls,#1733884306,Prabhakar Neupane,N/A,
2025-08-21 16:04:54,Chirayu Naitonal Hospital & Medical Institute,barcode issue,BA200,Break Down Call (On Site),#1733885229,Abiral Dulal,Sujan Babu Karki,
2025-08-01 14:23:26,Chirayu Naitonal Hospital & Medical Institute,barcode issue,BA200,Break Down Call (On Site),#1733885121,Abiral Dulal,N/A,
2025-06-25 10:20:25,Chirayu Naitonal Hospital & Medical Institute,Breakdown,BA200,Break Down Call (On Site),#1733884929,Prabhakar Neupane,N/A,
2025-03-16 10:12:24,Chirayu Naitonal Hospital & Medical Institute,control setup,BA200,Break Down Calls,#1733884443,Samir Paudel,N/A,
2025-08-26 11:10:58,Chirayu Naitonal Hospital & Medical Institute,"Control, CAL block",BA200,Break Down Call (On Call),#1733885243,Samir Paudel,N/A,
2025-05-09 20:00:35,Chirayu Naitonal Hospital & Medical Institute,FRIDGE ISSUE,BA200,Break Down Calls,#1733884679,Samir Paudel,N/A,
2025-09-17 17:07:32,Chirayu Naitonal Hospital & Medical Institute,issue in machine,BA200,Break Down Call (On Site),#1733885328,Abiral Dulal,N/A,
2025-07-22 22:23:49,Chirayu Naitonal Hospital & Medical Institute,lis issue,BA200,Break Down Call (On Call),#1733885065,Samir Paudel,N/A,
2025-07-18 18:46:41,Chirayu Naitonal Hospital & Medical Institute,LIS mapping issue,BA200,Break Down Call (On Call),#1733885050,Samir Paudel,N/A,
2025-01-13 18:52:37,Chirayu Naitonal Hospital & Medical Institute,machine check,H33s,Break Down Calls,#1733884104,Prabhakar Neupane,Samir Paudel,
2026-06-03 14:46:02,Chirayu Naitonal Hospital & Medical Institute,operation of machine,BA200,Break Down Call (On Site),#1733886334,Samir Paudel,N/A,
2024-06-04 11:25:08,Chirayu Naitonal Hospital & Medical Institute,Rotor Belt Replacement ,BA200,Break Down Calls,#8023601,Prabhakar Neupane,N/A,
2025-07-16 21:59:24,Chirayu Naitonal Hospital & Medical Institute,sample arm loss,BA200,Break Down Call (On Site),#1733885037,Prabhakar Neupane,Sneha Munankami,
2025-06-16 10:08:29,Chirayu Naitonal Hospital & Medical Institute,sample/reagent arm step loss,BA200,Break Down Call (On Call),#1733884855,Samir Paudel,Nishen Adhikari,
2025-07-15 18:18:36,Chirayu Naitonal Hospital & Medical Institute,steps loss issue,BA200,Break Down Call (On Site),#1733885030,Samir Paudel,N/A,
2026-02-02 12:56:36,Chirayu Naitonal Hospital & Medical Institute,wash pump,BA200,Break Down Call (On Site),#1733885919,Abiral Dulal,Prabhakar Neupane,
2025-09-24 16:33:31,Chirayu Naitonal Hospital & Medical Institute,WATER TANK TO LIMIT,BA200,Break Down Call (On Site),#1733885415,Abiral Dulal,N/A,
2025-12-01 14:07:39,Chitwan Medical College (CMC),blade issue,NW 15,PMS,#1733885674,Ashish Pathak,N/A,
2025-02-25 17:17:34,Chitwan Medical College (CMC),Compressor issue,NW 15,Break Down Calls,#1733884357,Ashish Pathak,N/A,
2024-05-23 12:16:12,Chitwan Medical College (CMC),display and heater issue,RVWE 60,Break Down Calls,#5705615,Web Trading Concern Pvt. Ltd.,N/A,"Device: WE60
Issue: display issue and heater issue need to check power line"
2025-01-29 13:52:08,Chitwan Medical College (CMC),Display issue,NW 15,Break Down Calls,#1733884188,Ashish Pathak,N/A,
2024-07-23 12:44:34,Chitwan Medical College (CMC),Laundry Issue,RVWE 60,Break Down Calls,#4817080,N/A,N/A,
2024-11-13 17:00:26,Chitwan Medical College (CMC),lid and temperature issue,NW 15,Break Down Calls,#9133968,Ashish Pathak,N/A,
2025-02-16 16:33:33,Chitwan Medical College (CMC),lid issue,NW 15,Break Down Calls,#1733884285,Ashish Pathak,N/A,
2025-06-26 18:24:43,Chitwan Medical College (CMC),motor issue rotation,NW 15,Break Down Call (On Site),#1733884938,Pradip Baral,N/A,
2025-12-25 10:08:33,Chitwan Medical College (CMC),newster blade change,NW 15,PMS,#1733885764,Ashish Pathak,N/A,
2026-01-21 17:33:55,Chitwan Medical College (CMC),newster maintenance,NW 15,Break Down Call (On Site),#1733885876,Sujan Babu Karki,Ashish Pathak,
2024-11-27 15:27:50,Chitwan Medical College (CMC),Newster maintenance,NW 15,Break Down Calls,#3398066,Ashish Pathak,N/A,
2024-07-21 13:40:18,Chitwan Medical College (CMC),Washer extraction issue,RVWE 60,Break Down Calls,#4226331,Ashish Pathak,N/A,
2024-06-27 10:10:45,Civil Hospital,Abnormal issue in machine after sterilization,NW 15,Break Down Calls,#6229249,N/A,N/A,
2025-10-17 09:59:13,Civil Hospital,battery charger not working,Taski Swingo 755,Break Down Call (On Site),#1733885486,Sanu Kaji Tha,N/A,
2025-01-19 18:14:42,Civil Hospital,bearing issue,NW 15,N/A,#1733884130,Samir Paudel,Nabin Bhandari,
2025-07-28 12:28:19,Civil Hospital,BLADE CHECK,NW 15,Break Down Call (On Site),#1733885097,Sujan Babu Karki,N/A,
2025-09-18 17:45:45,Civil Hospital,BLADE DAMAGE,NW 15,Break Down Call (On Site),#1733885339,Samir Paudel,Sanu Kaji Tha,
2025-12-10 16:58:09,Civil Hospital,blade dislocate issue,NW 15,Break Down Call (On Site),#1733885708,Sujan Babu Karki,N/A,
2025-09-14 12:38:30,Civil Hospital,blade fixed,NW 15,Break Down Call (On Site),#1733885310,Sujan Babu Karki,N/A,
2025-04-02 20:47:29,Civil Hospital,blade support issue,NW 15,Break Down Calls,#1733884544,Sujan Babu Karki,N/A,
2024-08-09 17:10:31,Civil Hospital,Check and inspect to see if replacement is required,NW 15,N/A,#6175348,Sujan Babu Karki,N/A,
2025-11-23 11:10:05,Civil Hospital,Display change,NW 15,Break Down Call (On Site),#1733885631,Sujan Babu Karki,N/A,
2026-05-28 10:32:29,Civil Hospital,Follow up of the machine,NW 15,Break Down Call (On Site),#1733886309,Sujan Babu Karki,N/A,
2025-07-15 10:00:14,Civil Hospital,Follow up of the machine,NW 15,Break Down Call (On Call),#1733885028,Sujan Babu Karki,N/A,
2025-10-30 16:21:57,Civil Hospital,Issue in Battery charging,Taski Swingo 755,Break Down Call (On Site),#1733885526,Sanu Kaji Tha,N/A,
2025-11-02 15:02:13,Civil Hospital,Issue in Display board,NW 15,Break Down Call (On Site),#1733885545,Sujan Babu Karki,Abiral Dulal,
2025-02-27 17:17:31,Civil Hospital,issue in machine,NW 15,Break Down Calls,#1733884367,Sanu Kaji Tha,N/A,
2024-11-18 13:59:28,Civil Hospital,Issue in Newster,NW 15,Break Down Calls,#7027372,Samir Paudel, Sujan Babu Karki,
2024-10-22 16:12:08,Civil Hospital,issue in waste outptut,NW 15,Break Down Calls,#3957058,Sujan Babu Karki,N/A,
2025-10-17 10:41:10,Civil Hospital,lcd touch issue,NW 15,Break Down Call (On Site),#1733885491,Sujan Babu Karki,N/A,
2026-05-29 14:21:26,Civil Hospital,maintenance of machine,Taski Swingo 755,Break Down Call (On Site),#1733886315,Sanu Kaji Tha,N/A,
2025-09-08 23:12:04,Civil Hospital,maintenance of machine,NW 15,Break Down Call (On Site),#1733885305,Sujan Babu Karki,N/A,
2025-12-05 17:11:30,Civil Hospital,material waste issue,NW 15,Break Down Call (On Site),#1733885693,Sujan Babu Karki,N/A,
2025-01-09 08:44:05,Civil Hospital,Newster - PMS and Expiry Alert !! (Batch #6) new ticket raised,NW 15,N/A,#1733884078,N/A,N/A,
2025-08-27 12:16:31,Civil Hospital,newster blade change,NW 15,Break Down Call (On Site),#1733885248,Sujan Babu Karki,N/A,
2025-07-10 09:53:30,Civil Hospital,newster check,NW 15,Break Down Call (On Site),#1733885001,Sujan Babu Karki,N/A,
2024-05-22 11:34:48,Civil Hospital,Newster NW 15 Followup,NW 15,Follow-up(Observation),#1898000,N/A,N/A,"for fallow up of machine 
"
2025-09-21 11:06:05,Civil Hospital,NW5 Blade issue,NW 15,Break Down Call (On Site),#1733885380,Samir Paudel,N/A,
2026-05-07 09:43:33,Civil Hospital,Over load on main motor,NW 15,Break Down Call (On Site),#1733886243,Sujan Babu Karki,N/A,
2026-01-18 17:31:30,Civil Hospital,PMS of the machine,NW 15,PMS,#1733885866,Sujan Babu Karki,N/A,
2024-09-24 14:30:03,Civil Hospital,Replacement of the parts,NW 15,Break Down Calls,#2552073,Sujan Babu Karki,N/A,
2025-01-30 17:27:39,Civil Hospital,swingo 755 spare change,Taski Swingo 755,Break Down Calls,#1733884199,Sanu Kaji Tha,N/A,
2024-08-01 11:19:46,Civil Hospital,Temperature issue,NW 15,Break Down Calls,#8040575,Sujan Babu Karki,N/A,
2025-10-06 10:46:59,Civil Hospital,Touch Issue,NW 15,Break Down Call (On Site),#1733885450,Sanu Kaji Tha,N/A,
2024-12-05 16:41:31,Civil Hospital,vacumat 22 inspection,Vacumat 22,Break Down Calls,#1551574,Sanu Kaji Tha,N/A,
2024-05-09 15:16:18,Ciwec Hospital Pvt. Ltd.,machine do not turn on,i-SMART 30 PRO,Break Down Calls,#3339606,Sneha,N/A,
2024-06-02 10:56:08,Ciwec Hospital Pvt. Ltd.,Machine Shutdown during calibration,i-SMART 30 PRO,Break Down Calls,#6109711,Sneha,N/A,
2025-02-13 11:21:28,College of Medical Sciences (CMS),1st PMS OF BA200,BA200,PMS,#1733884264,Ashish Pathak,N/A,
2025-07-01 22:15:03,College of Medical Sciences (CMS),ADA issue,BA400,Break Down Call (On Site),#1733884953,Ashish Pathak,N/A,
2025-10-10 12:03:44,College of Medical Sciences (CMS),ALT/GPT reagent and result issue in BA200/400,BA200,Break Down Call (On Site),#1733885461,Ashish Pathak,N/A,
2025-11-19 12:31:53,College of Medical Sciences (CMS),Ammonia reagent set up,BA200,Break Down Call (On Site),#1733885614,Ashish Pathak,N/A,
2025-01-06 18:00:27,College of Medical Sciences (CMS),ammonia reagent setup,BA200,Break Down Calls,#1733884061,Ashish Pathak,Anu Shrestha,
2025-12-19 09:32:39,College of Medical Sciences (CMS),ammonia setup,BA400,PMS,#1733885743,Ashish Pathak,N/A,
2025-08-05 22:21:56,College of Medical Sciences (CMS),APPLICATION ISSUE,BA400,Break Down Call (On Site),#1733885138,Ashish Pathak,N/A,
2025-09-28 14:02:05,College of Medical Sciences (CMS),BA200-PMS,BA200,PMS,#1733885429,Ashish Pathak,N/A,
2025-07-17 20:43:45,College of Medical Sciences (CMS),ba400 issue water tank limit,BA400,PMS,#1733885042,Ashish Pathak,N/A,
2025-09-19 14:35:02,College of Medical Sciences (CMS),Barcode Detection,BA400,Break Down Call (On Site),#1733885343,Ashish Pathak,N/A,
2025-03-11 20:07:36,College of Medical Sciences (CMS),baseline rejection,BA400,Break Down Calls,#1733884426,Ashish Pathak,N/A,
2025-06-10 20:36:48,College of Medical Sciences (CMS),"check valve issue, connector broken",BA400,Break Down Call (On Site),#1733884833,Ashish Pathak,N/A,
2025-02-24 09:52:52,College of Medical Sciences (CMS),clot detection pump issue,BA400,Break Down Calls,#1733884347,Ashish Pathak,N/A,
2024-12-25 09:53:30,College of Medical Sciences (CMS),collision issue,BA400,Break Down Calls,#1733883984,Ashish Pathak,N/A,
2026-02-03 09:39:23,College of Medical Sciences (CMS),Fluidic obstruction,BA400,Break Down Call (On Site),#1733885923,Ashish Pathak,N/A,
2025-04-27 14:23:04,College of Medical Sciences (CMS),general cleaning,BA400,Break Down Calls,#1733884629,Ashish Pathak,N/A,
2024-10-09 09:48:09,College of Medical Sciences (CMS),General maintenance,BA400,Break Down Calls,#4046336,Ashish Pathak,N/A,
2025-11-06 15:52:30,College of Medical Sciences (CMS),"HDL, Cholesterol result issue",BA400,Break Down Call (On Site),#1733885558,Ashish Pathak,N/A,
2025-10-06 10:45:44,College of Medical Sciences (CMS),Installation of  Care10,i-SMART CARE 10,Installation,#1733885449,Samir Paudel,Ashish Pathak,
2024-11-27 15:28:30,College of Medical Sciences (CMS),Installation of machine,BA200,Installation,#8257879,Ashish Pathak," Anil Mandal, Bhanu Bhakta Rijal",
2025-11-10 12:59:04,College of Medical Sciences (CMS),issue on result of ALP/AMP,BA400,PMS,#1733885582,Ashish Pathak,N/A,
2025-07-04 22:59:21,College of Medical Sciences (CMS),needle bent issue,BA200,Break Down Call (On Site),#1733884976,Ashish Pathak,N/A,
2025-05-06 18:00:04,College of Medical Sciences (CMS),Optical Error,BA400,Break Down Calls,#1733884664,Ashish Pathak,N/A,
2024-08-15 13:55:15,College of Medical Sciences (CMS),Optical Error,BA400,Break Down Calls,#9979651,Ashish Pathak,N/A,
2025-07-20 14:25:27,College of Medical Sciences (CMS),PMS of the machine,BA400,PMS,#1733885052,Ashish Pathak,N/A,
2025-05-09 19:49:31,College of Medical Sciences (CMS),pms of the machine,BA200,PMS,#1733884675,Ashish Pathak,N/A,
2025-05-05 10:37:23,College of Medical Sciences (CMS),PMS of the machine,BA400,Break Down Calls,#1733884659,Ashish Pathak,N/A,
2025-01-28 16:51:00,College of Medical Sciences (CMS),PMS of the machine,BA200,PMS,#1733884185,Ashish Pathak,N/A,
2025-09-22 12:54:38,College of Medical Sciences (CMS),PMS/ALP-AMP Issue,BA400,Break Down Call (On Site),#1733885389,Ashish Pathak,N/A,
2024-10-27 09:48:24,College of Medical Sciences (CMS),QC graph issue,BA400,Break Down Calls,#3508676,Ashish Pathak,N/A,
2026-01-21 13:42:49,College of Medical Sciences (CMS),qc issue,BA400,Break Down Call (On Site),#1733885873,Ashish Pathak,N/A,
2024-07-22 10:46:10,College of Medical Sciences (CMS),QC lot change issue,BA400,Break Down Calls,#7615374,Ashish Pathak,N/A,
2025-02-05 10:06:36,College of Medical Sciences (CMS),R1 VERTICAL SENSOR ISSUE,BA400,Break Down Calls,#1733884221,Ashish Pathak,N/A,
2026-05-05 11:51:43,College of Medical Sciences (CMS),reagent belt damage,BA400,Break Down Call (On Site),#1733886237,Ashish Pathak,N/A,
2025-01-26 17:29:24,College of Medical Sciences (CMS),result application issue,BA400,Break Down Calls,#1733884174,Ashish Pathak,N/A,
2026-05-28 10:31:12,College of Medical Sciences (CMS),result issue,BA400,PMS,#1733886306,Ashish Pathak,N/A,
2025-05-26 21:26:31,College of Medical Sciences (CMS),rotor broken issue,BA400,Break Down Calls,#1733884754,Ashish Pathak,N/A,
2024-09-22 14:57:46,College of Medical Sciences (CMS),Sample arm blocked,BA400,Break Down Calls,#8488052,Ashish Pathak,N/A,
2025-03-30 21:22:07,College of Medical Sciences (CMS),sample arm fluidic block,BA400,N/A,#1733884533,Ashish Pathak,N/A,
2024-10-22 12:32:13,College of Medical Sciences (CMS),sample arm fluidic issue,BA400,Break Down Calls,#4123574,Ashish Pathak,N/A,
2025-11-21 15:28:42,College of Medical Sciences (CMS),Samples neddel movement issue,BA400,Break Down Call (On Site),#1733885629,Ashish Pathak,N/A,
2025-12-16 10:29:26,College of Medical Sciences (CMS),shifting of machine to er lab,BA200,PMS,#1733885730,Ashish Pathak,N/A,
2025-10-19 11:39:59,College of Medical Sciences (CMS),Slope error,i-SMART CARE 10,Break Down Call (On Site),#1733885506,Ashish Pathak,N/A,
2025-10-17 09:47:17,College of Medical Sciences (CMS),Slope error,i-SMART CARE 10,Break Down Call (On Call),#1733885480,Ashish Pathak,N/A,
2025-10-15 15:07:21,College of Medical Sciences (CMS),Slope error,i-SMART CARE 10,Break Down Call (On Site),#1733885474,Ashish Pathak,N/A,
2024-12-20 18:45:46,College of Medical Sciences (CMS),Software issue,BA200,Break Down Calls,#1733883970,Ashish Pathak,N/A,
2024-07-30 14:59:49,College of Medical Sciences (CMS),Stirrer Home sensor,BA400,Break Down Calls,#3978651,Ashish Pathak,N/A,
2025-11-23 11:08:57,College of Medical Sciences (CMS),Strrier home error,BA200,Break Down Call (On Site),#1733885630,Ashish Pathak,N/A,
2026-01-11 13:15:41,College of Medical Sciences (CMS),uibc issue,BA400,Break Down Call (On Site),#1733885839,Ashish Pathak,N/A,
2025-10-28 09:54:57,College of Medical Sciences (CMS),Uric acid /LDH result issue,BA400,Break Down Call (On Site),#1733885518,Ashish Pathak,N/A,
2025-10-19 14:41:38,College of Medical Sciences (CMS),Uric acid issue,BA400,Break Down Call (On Site),#1733885508,Ashish Pathak,N/A,
2025-09-02 17:05:51,College of Medical Sciences (CMS),wash station and magnesium result issue,BA200,Break Down Call (On Site),#1733885269,Ashish Pathak,N/A,
2025-05-15 19:53:52,College of Medical Sciences (CMS),wash station belt broke,BA400,Break Down Calls,#1733884701,Ashish Pathak,N/A,
2025-02-27 09:45:27,College of Medical Sciences (CMS),wash station collision,BA400,Break Down Calls,#1733884363,Ashish Pathak,N/A,
2026-01-11 09:31:47,College of Medical Sciences (CMS),washer issue; result issue,BA400,Break Down Call (On Site),#1733885835,Ashish Pathak,N/A,
2025-05-28 21:37:23,College of Medical Sciences (CMS),washing solution dispensor,BA400,Break Down Calls,#1733884768,Ashish Pathak,N/A,
2025-12-23 10:18:29,College of Medical Sciences (CMS),washing solution not aspirate,BA400,Break Down Call (On Call),#1733885759,Ashish Pathak,N/A,
2024-10-20 17:20:07,College of Medical Sciences (CMS),waste tank issue,BA200,Break Down Calls,#9864793,Ashish Pathak,N/A,
2025-03-17 21:11:11,College of Medical Sciences (CMS),water overflow,BA400,Break Down Calls,#1733884461,Ashish Pathak,N/A,
2025-03-06 17:49:53,College of Medical Sciences (CMS),water tank internal issue,BA400,Break Down Calls,#1733884411,Ashish Pathak,N/A,
2025-05-15 19:54:10,College of Medical Sciences (CMS),water tank limit issue,BA200,Break Down Calls,#1733884702,Ashish Pathak,N/A,
2025-02-28 17:10:35,College of Medical Sciences (CMS),water tank limit issue,BA400,Break Down Calls,#1733884376,Ashish Pathak,N/A,
2024-11-12 13:59:59,College of Medical Sciences (CMS),Water tank limit issue,BA400,Break Down Calls,#6410940,Ashish Pathak,N/A,
2025-12-26 09:37:13,College of Medical Sciences (CMS),water tank overflow,BA400,Break Down Call (On Site),#1733885777,Ashish Pathak,N/A,
2024-05-12 12:10:49,College of Medical Sciences (CMS),BA400 breakdown issue,BA400,Break Down Calls,#6817490,Web Trading Concern Pvt. Ltd.,N/A,call requested by ramindra sir
2026-01-14 15:25:43,College of Medical Sciences (CMS),knf pump issue,BA400,Break Down Call (On Site),#1733885851,Ashish Pathak,N/A,
2025-06-23 10:05:10,Cosmos Medical Center Pvt. Ltd.,change home sensor,BA200,Break Down Call (On Call),#1733884914,Sneha,N/A,
2024-09-26 14:39:44,Cosmos Medical Center Pvt. Ltd.,Collision error,BA200,Break Down Calls,#4368937,N/A,N/A,
2025-02-09 10:54:08,Cosmos Medical Center Pvt. Ltd.,PMS of BA200,BA200,PMS,#1733884240,Sneha,N/A,
2025-06-15 12:36:16,Cosmos Medical Center Pvt. Ltd.,PMS of the machine,BA200,PMS,#1733884852,Sneha,N/A,
2024-09-29 14:39:24,Cosmos Medical Center Pvt. Ltd.,PMS of the machine,BA200,PMS,#9000590,N/A,N/A,
2025-06-24 18:00:27,Cosmos Medical Center Pvt. Ltd.,to run qc calib,BA200,Break Down Call (On Call),#1733884924,Sneha,N/A,
2025-11-26 11:48:14,Cosmos Medical Center Pvt. Ltd.,pms of machine,BA200,PMS,#1733885644,Sneha,N/A,
2024-11-15 15:38:07,Cosmos Medical Center Pvt. Ltd.,PMS of BA200 at COSMOS Medical Center,BA200,PMS,#1731664387,N/A,N/A,
2025-03-25 22:04:00,Crimson Hospital,ASPIRATION MODULE LIFT,H33s,Break Down Calls,#1733884510,Ashish Pathak,N/A,
2024-12-16 17:49:26,Crimson Hospital,aspiration module lift error,H33s,Break Down Calls,#1733883945,Ashish Pathak,N/A,
2024-12-06 15:51:18,Crimson Hospital,Background abnormal,BC5150,Break Down Calls,#2747580,N/A, Sneha Munankami,
2025-01-06 08:58:07,Crimson Hospital,BioSystems - PMS and Expiry Alert !! (12),A25,PMS,#1733884059,Ashish Pathak,N/A,
2024-11-26 13:39:43,Crimson Hospital,Calibrator lot change,BA200,Break Down Calls,#8576459,Ashish Pathak,N/A,
2024-05-10 14:56:47,Crimson Hospital,Clot detection issue in BA 200,BA200,Break Down Calls,#9519791,Sneha,N/A,
2024-08-09 16:24:49,Crimson Hospital,DI tank sensor issue,BA200,Break Down Calls,#1594550,Ashish Pathak,N/A,
2024-11-08 11:36:49,Crimson Hospital,diluent and lyse barcode issue,BC5150,Break Down Calls,#5446075,Samir Paudel,N/A,
2024-07-03 16:00:14,Crimson Hospital,General follow up of machine,BA200,Follow-up(Observation),#2650290,Samir Paudel,N/A,
2025-07-25 20:34:30,Crimson Hospital,General maintenance,BC5150,Break Down Call (On Site),#1733885080,Ashish Pathak,N/A,
2025-05-18 21:47:48,Crimson Hospital,hcw issue,BA200,Break Down Calls,#1733884714,Ashish Pathak,N/A,
2024-07-03 15:59:14,Crimson Hospital,Installation of machine,BC5150,Installation,#3128421,Samir Paudel,N/A,Installation of the machine.
2025-12-09 09:39:31,Crimson Hospital,iron issue qc,BA200,Break Down Call (On Call),#1733885698,Ashish Pathak,N/A,
2025-12-16 17:11:59,Crimson Hospital,isolation chamber with filter issue,BC5150,Break Down Call (On Site),#1733885735,Ashish Pathak,N/A,
2024-12-16 17:48:31,Crimson Hospital,lipas qc issue,BA200,Break Down Calls,#1733883944,Ashish Pathak,N/A,
2024-08-16 17:36:30,Crimson Hospital,Needle bent issue,A25,Break Down Calls,#4097400,Ashish Pathak,N/A,
2024-08-09 16:23:35,Crimson Hospital,Needle bent issue,A25,Break Down Calls,#1627943,Ashish Pathak,N/A,
2025-07-25 20:33:54,Crimson Hospital,PMS OF BA200,BA200,PMS,#1733885079,Ashish Pathak,N/A,
2024-07-03 16:01:15,Crimson Hospital,PMS of machine,H33s,PMS,#3581326,Samir Paudel,N/A,
2025-05-12 20:52:50,Crimson Hospital,pms of the machine,BA200,PMS,#1733884690,Ashish Pathak,N/A,
2024-10-06 09:50:43,Crimson Hospital,PMS of the machine,BA200,PMS,#7011913,Ashish Pathak,N/A,
2025-01-01 18:08:24,Crimson Hospital,programming issues,BA200,Break Down Calls,#1733884035,Ashish Pathak,N/A,
2024-05-26 13:04:38,Crimson Hospital,Programming setup in BA 200,BA200,Break Down Calls,#1970381,Sneha,N/A,Programming of new reagents set up need to done.
2024-12-22 11:25:23,Crimson Hospital,QC setup,BA200,Break Down Calls,#1733883974,Ashish Pathak,N/A,
2025-05-09 19:48:58,Crimson Hospital,sample obstruction,BA200,Break Down Calls,#1733884674,Ashish Pathak,N/A,
2025-11-30 14:37:46,Crimson Hospital,stirrer home error,BA200,Break Down Call (On Call),#1733885664,Ashish Pathak,N/A,
2024-07-24 11:29:27,Crimson Hospital,System Liquid Not Detect,A25,Break Down Calls,#3925235,Ashish Pathak,N/A,
2026-04-15 14:36:19,Crimson Hospital,total count issue,BC5150,Break Down Call (On Site),#1733886163,Ashish Pathak,N/A,
2024-09-05 15:09:31,Crimson Hospital,Total Protein Program,BA200,Break Down Calls,#6135119,Ashish Pathak,N/A,
2024-08-21 17:58:18,Crimson Hospital,Water tank limit issue,BA200,Break Down Calls,#1202358,Ashish Pathak,N/A,
2024-08-11 14:04:50,Crimson Hospital,WBC issue,H33s,Break Down Calls,#2795498,Ashish Pathak,N/A,
2025-08-15 10:15:04,Crown Imperial Hotel,Breakdown,Ergodisc 165,Break Down Call (On Site),#1733885196,Sanu Kaji Tha,N/A,
2025-07-04 11:22:22,Crown Imperial Hotel,brush damage,Ergodisc 165,Break Down Call (On Site),#1733884969,Sanu Kaji Tha,N/A,
2025-08-03 12:52:51,Crown Imperial Hotel,change belt,Ergodisc 165,Break Down Call (On Site),#1733885132,Sanu Kaji Tha,N/A,
2025-09-23 13:50:31,Crown Imperial Hotel,Ergodisc 165 issue,Ergodisc 165,Break Down Call (On Site),#1733885398,Sanu Kaji Tha,N/A,
2024-11-29 17:36:26,Crown Imperial Hotel,Ergodisc 165 issue,Ergodisc 165,Break Down Calls,#9538547,Sanu Kaji Tha,N/A,
2025-08-12 17:25:49,Crown Imperial Hotel,HANDLE PROBLEM,Ergodisc 165,Break Down Call (On Site),#1733885175,Sanu Kaji Tha,N/A,
2026-01-22 17:01:18,Cutis Care Pvt. Ltd.,86 error in machine,Lucid Q-PTP,Break Down Call (On Site),#1733885879,Sneha,Abiral Dulal,
2024-09-24 14:25:48,Cutis Care Pvt. Ltd.,Display issue,More-XEL,Break Down Calls,#3545827,Samir Paudel,Nishen Adhikari,
2026-01-25 15:30:54,Cutis Care Pvt. Ltd.,error code 86 issue,Lucid Q-PTP,Break Down Call (On Site),#1733885884,Abiral Dulal,Prabhakar Neupane,
2024-09-23 16:25:00,Cutis Care Pvt. Ltd.,Issue with display,Lucid Q-PTP,BreakDownCalls,#7861618,Prabhakar Neupane,Samir Paudel,
2024-11-11 16:49:18,Cutis Path Lab Pvt. Ltd.,Application Issue,Z50,Break Down Calls,#1772439,Samir Paudel,N/A,
2025-08-19 17:07:28,Cutis Path Lab Pvt. Ltd.,bulb not fit issue,CX23,Break Down Call (On Site),#1733885213,Sujan Babu Karki,N/A,
2025-07-31 14:43:08,Cutis Path Lab Pvt. Ltd.,ISSUE IN DISPLAY OF Z50,Z50,Break Down Call (On Site),#1733885117,Sujan Babu Karki,Abiral Dulal,
2025-08-21 16:04:24,Cutis Path Lab Pvt. Ltd.,lamp issue in microscope,CX23,Break Down Call (On Site),#1733885228,Sujan Babu Karki,Abiral Dulal,
2025-08-18 15:16:12,Cutis Path Lab Pvt. Ltd.,microscope issue,CX23,Break Down Call (On Site),#1733885203,Sujan Babu Karki,N/A,
2025-09-08 23:11:34,Cutis Path Lab Pvt. Ltd.,platelets high,Z50,Break Down Call (On Site),#1733885304,Sujan Babu Karki,N/A,
2025-07-28 17:17:40,Cutis Path Lab Pvt. Ltd.,platelets high,Z50,Break Down Call (On Site),#1733885100,Samir Paudel,N/A,
2025-07-30 13:49:42,Cutis Path Lab Pvt. Ltd.,platelets issue,Z50,Break Down Call (On Call),#1733885111,Sujan Babu Karki,N/A,
2025-07-29 14:22:17,Cutis Path Lab Pvt. Ltd.,platelets issue,Z50,Break Down Call (On Site),#1733885105,Sujan Babu Karki,N/A,
2024-06-27 15:51:24,Cutis Path Lab Pvt. Ltd.,pms & breakdown,Z50,PMS,#6647199,N/A,N/A,visited for breakdown of machine and do pms of machine
2025-09-18 14:12:14,Cutis Path Lab Pvt. Ltd.,Result Issue,Z50,Break Down Call (On Site),#1733885336,Abiral Dulal,N/A,
2025-10-31 12:43:36,Cutis Path Lab Pvt. Ltd.,Sample Abnormal,Z50,Break Down Call (On Site),#1733885528,Sneha,N/A,
2024-07-03 16:09:57,Cutis Path Lab Pvt. Ltd.,Sample Probe Issue,Z50,Break Down Calls,#2902797,Samir Paudel,N/A,
2024-12-09 16:44:22,Cutis Path Lab Pvt. Ltd.,Sample value low,Z50,Break Down Calls,#9008093,Sujan Babu Karki,N/A,
2024-11-23 18:52:06,Cutis Path Lab Pvt. Ltd.,wbc not showing,Z50,Break Down Calls,#4681360,Samir Paudel,N/A,
2024-12-01 17:29:15,Cutis Path Lab Pvt. Ltd.,Z50 follow up,Z50,OnSite Visit,#7607084,Prabhakar Neupane, Sneha Munankami,
2025-07-28 12:28:40,Cutis Path Lab Pvt. Ltd.,Z50 ISSUE,Z50,Break Down Call (On Site),#1733885098,Sujan Babu Karki,N/A,
2025-03-21 15:45:06,Cutis Path Lab Pvt. Ltd.,Breakdown,Z50,Break Down Calls,#1733884481,Sujan Babu Karki,Sujan Babu Karki,
2024-07-10 16:57:23,Dadeldhura Hospital,Display Change,i-SMART CARE 10,Break Down Calls,#2950421,Samir Paudel,N/A,
2024-06-25 12:43:23,Dadeldhura Hospital,Glucose Fluctuation,i-SMART CARE 10,Break Down Calls,#4679850,Pratikshya Budhathoki,N/A,
2025-11-19 13:04:36,Dadeldhura Hospital,Slope error,i-SMART CARE 10,Break Down Call (On Call),#1733885617,Sneha,N/A,
2024-12-30 13:37:13,Dadeldhura Hospital,slope error,i-SMART CARE 10,Break Down Calls,#1733884018,Prabhakar Neupane,N/A,
2024-11-08 11:46:14,Dadeldhura Hospital,slope error,i-SMART CARE 10,Break Down Calls,#7714552,Samir Paudel,N/A,
2025-01-07 18:10:43,Daisy Skin Care Pvt. Ltd.,followup of machine,Hydra Pro MF Gold,OnSite Visit,#1733884068,Pradip Baral,N/A,
2024-12-27 13:15:13,Daisy Skin Care Pvt. Ltd.,followup of machine,Wholebody Phototherapy,OnSite Visit,#1733884010,Pradip Baral,N/A,
2024-11-05 14:44:02,Daisy Skin Care Pvt. Ltd.,General follow up of machine,Wholebody Phototherapy,OnSite Visit,#8316089,Pratikshya Budhathoki,Pradip Baral,
2025-09-17 20:51:33,Daisy Skin Care Pvt. Ltd.,inspection of machine,Hydra Pro MF Gold,Break Down Call (On Site),#1733885333,Pradip Baral,N/A,
2024-10-06 09:54:10,Daisy Skin Care Pvt. Ltd.,Issue in hydrafacial,Hydra Pro MF Gold,Break Down Calls,#8945441,Pradip Baral,N/A,
2025-01-16 17:40:59,Daisy Skin Care Pvt. Ltd.,issue in laser,MedioStar,Break Down Calls,#1733884114,Pradip Baral,N/A,
2025-12-01 09:37:10,Daisy Skin Care Pvt. Ltd.,suction issue,Hydra Pro MF Gold,Break Down Call (On Site),#1733885670,Pradip Baral,N/A,
2024-09-06 15:32:01,Damak Reference Lab (DRL),Albumin Blocked - BA200,BA200,Application,#6777354,Pradip Baral,N/A,
2025-03-23 21:24:00,Damak Reference Lab (DRL),ba200 followup,BA200,N/A,#1733884493,Pradip Baral,N/A,
2024-09-25 17:26:28,Damak Reference Lab (DRL),Calibration failed,BA200,OnSite Visit x UT x FollowUp x Application,#3226911,Pradip Baral,N/A,
2025-05-14 20:47:55,Damak Reference Lab (DRL),creatinine result fluctuation,BA200,Break Down Calls,#1733884700,Pradip Baral,N/A,
2025-11-18 13:01:50,Damak Reference Lab (DRL),diluent ranout,H33s,Break Down Call (On Site),#1733885608,Pradip Baral,N/A,
2024-12-19 17:10:33,Damak Reference Lab (DRL),follow up of machine,BA200,OnSite Visit,#1733883961,Pradip Baral,N/A,
2025-01-07 18:11:21,Damak Reference Lab (DRL),Follow up of the machine,BA200,OnSite Visit,#1733884069,Pradip Baral,N/A,
2024-12-26 14:51:46,Damak Reference Lab (DRL),Follow up of the machine,BA200,OnSite Visit,#1733884000,Pradip Baral,N/A,
2024-11-15 11:13:55,Damak Reference Lab (DRL),For general visit,BA200,OnSiteVisit,#9510014,Pradip Baral,N/A,
2025-05-27 21:50:13,Damak Reference Lab (DRL),General visit,BA200,Application Visit,#1733884761,Pradip Baral,N/A,
2025-01-16 17:38:33,Damak Reference Lab (DRL),Inspection of BA200,BA200,OnSite Visit,#1733884113,Pradip Baral,N/A,
2025-03-20 21:22:26,Damak Reference Lab (DRL),inspection of ba200 and h33s,BA200,OnSite Visit,#1733884477,Pradip Baral,N/A,
2024-08-25 14:44:29,Damak Reference Lab (DRL),Installation of machine,BA200,Installation,#3080325,Pradip Baral,N/A,
2024-11-07 17:39:19,Damak Reference Lab (DRL),issue in bts350,BTS350,Break Down Calls,#4359687,Pradip Baral,N/A,
2024-09-10 17:59:18,Damak Reference Lab (DRL),Issue in control,BA200,Application,#3754752,Pradip Baral,N/A,
2025-12-01 09:36:38,Damak Reference Lab (DRL),mcv issue,H33s,Break Down Call (On Site),#1733885669,Pradip Baral,N/A,
2025-02-13 11:17:53,Damak Reference Lab (DRL),PMS OF BA200,BA200,PMS,#1733884262,Pradip Baral,N/A,
2025-08-14 11:18:59,Damak Reference Lab (DRL),PMS of the machine,BA200,PMS,#1733885191,Pradip Baral,N/A,
2025-05-06 18:00:37,Damak Reference Lab (DRL),PMS of the machine,BA200,PMS,#1733884665,Pradip Baral,N/A,
2024-10-30 17:40:21,Damak Reference Lab (DRL),Power error,BTS350,Break Down Calls,#9442217,Pradip Baral,N/A,
2024-09-22 14:56:20,Damak Reference Lab (DRL),Reagent position error on BA200,BA200,Break Down Calls,#8628582,Pradip Baral,N/A,
2024-12-24 11:06:52,Damak Reference Lab (DRL),Rotor overflow issue,BA200,Break Down Calls,#1733883980,Pradip Baral,N/A,
2025-06-08 11:47:21,Damak Reference Lab (DRL),TP calibration,BA200,Break Down Call (On Site),#1733884814,Pradip Baral,N/A,
2024-12-22 18:21:25,Damak Reference Lab (DRL),water tank impossible to fill,BA200,Break Down Calls,#1733883975,Pradip Baral,N/A,
2024-11-26 15:41:10,Damak Reference Lab (DRL),PMS of BA200 at Damak Reference Lab,BA200,PMS,#1732614970,Pradip Baral,N/A,
2025-08-28 12:18:55,Damak Reference Lab (DRL),BTS350 issue,BTS350,Break Down Call (On Site),#1733885249,Pradip Baral,N/A,
2025-07-01 22:16:33,Damak Reference Lab (DRL),qc issue,BA200,Break Down Call (On Site),#1733884956,Pradip Baral,N/A,
2024-06-27 10:05:56,Dhading Hospital,Breakdown call ,SWT5,Break Down Calls,#5727605,N/A,N/A,
2025-09-24 11:10:57,Dhading Hospital,"PA3 pump not working, modes not working issue",SWT5,Break Down Call (On Site),#1733885405,Abiral Dulal,N/A,
2026-01-08 09:31:41,Dhading Hospital,PMS of the machine,SWT5,PMS,#1733885827,Sujan Babu Karki,N/A,
2025-01-21 17:46:40,Dhading Hospital,PMS of the machine,SWT5,PMS,#1733884141,Sujan Babu Karki,N/A,
2024-09-10 12:57:28,Dhading Hospital,PMS of the machine,SWT5,PMS,#7628462,Sujan Babu Karki,N/A,
2025-09-24 12:30:06,Dhading Hospital,Pump not working,SWT5,Break Down Call (On Site),#1733885409,Sujan Babu Karki,N/A,
2025-11-02 10:17:36,Dhulikhel Hospital,Washer aspiration issue,Liaison XL,Break Down Call (On Site),#1733885535,Samir Paudel,Abiral Dulal,
2025-08-21 09:30:17,Dhulikhel Hospital,ah 600 qc run,AH600,Out of Warranty Visit,#1733885223,Abiral Dulal,Sujan Babu Karki,
2025-03-13 10:51:00,Dhulikhel Hospital,alexator diode issue,AlexStar Red Edition,Installation,#1733884437,Sujan Babu Karki,Prasanna Sigdel,
2024-07-28 17:24:09,Dhulikhel Hospital,"Alt,Gpt reagent issue",BA400,Break Down Calls,#7883458,Sujan Babu Karki,N/A,
2024-09-19 13:12:13,Dhulikhel Hospital,Application Issue,BA400,Break Down Calls,#3851882,Samir Paudel,Nishen Adhikari,
2025-07-06 17:49:04,Dhulikhel Hospital,Assay RFID error,Liaison XL,Break Down Call (On Call),#1733884982,Prabhakar Neupane,N/A,
2024-05-20 10:19:55,Dhulikhel Hospital,BA400  STIRRER 2 HOME SENSOR ERROR.,BA400,Break Down Calls,#7081327,Sneha,N/A,Error on home sensor of stirrer 2.
2024-11-12 11:08:51,Dhulikhel Hospital,BA400 - Stirrer 1 Home Sensor Error,BA400,Break Down Calls,#1149033,Prabhakar Neupane,N/A,
2026-01-20 13:18:49,Dhulikhel Hospital,BA400 CHECK,BA400,Break Down Call (On Site),#1733885869,Abiral Dulal,Prabhakar Neupane,
2025-03-17 11:35:53,Dhulikhel Hospital,BA400 ISE calibration,BA400,Break Down Calls,#1733884460,Prabhakar Neupane,N/A,
2025-08-25 10:46:57,Dhulikhel Hospital,ba400 ise issue,BA400,Break Down Call (On Site),#1733885239,Samir Paudel,Abiral Dulal,
2025-03-25 22:03:18,Dhulikhel Hospital,BA400 ISE ISSUE,BA400,Break Down Calls,#1733884509,Prabhakar Neupane,N/A,
2025-07-21 16:19:45,Dhulikhel Hospital,BA400 ise module issue,BA400,Break Down Call (On Site),#1733885060,Prabhakar Neupane,Sujan Babu Karki,
2025-06-12 19:07:40,Dhulikhel Hospital,BA400 MAINTENANCE,BA400,Break Down Call (On Site),#1733884840,Prabhakar Neupane,Sujan Babu Karki,
2026-06-02 12:25:44,Dhulikhel Hospital,BA400 ROTOR ISSUE,BA400,Break Down Call (On Site),#1733886329,Sujan Babu Karki,Abiral Dulal,
2025-07-09 19:00:23,Dhulikhel Hospital,BA400 SENSOR ISSUE,BA400,Break Down Call (On Call),#1733884995,Prabhakar Neupane,N/A,
2025-04-18 22:28:03,Dhulikhel Hospital,ba400 stirrer issue,BA400,Break Down Calls,#1733884597,Prabhakar Neupane,N/A,
2024-09-04 11:17:52,Dhulikhel Hospital,BA400(ise) electrolyte issue,BA400,Application,#5642459,N/A,Nishen Adhikari,
2024-09-04 11:17:05,Dhulikhel Hospital,BA400(old) software issue,BA400,Break Down Calls,#9795459,N/A,Nishen Adhikari,
2025-02-21 16:46:47,Dhulikhel Hospital,Barcode Issue,BA400,Break Down Calls,#1733884330,Prabhakar Neupane,N/A,
2025-02-20 17:13:42,Dhulikhel Hospital,Barcode Issue,AH600,Break Down Calls,#1733884319,Prabhakar Neupane,N/A,
2025-02-13 17:53:29,Dhulikhel Hospital,barcode reading issue,AH600,Break Down Calls,#1733884269,Prabhakar Neupane,N/A,
2026-05-06 10:01:35,Dhulikhel Hospital,BD,Liaison XL,Break Down Call (On Site),#1733886238,Samir Paudel,N/A,
2026-04-29 09:46:21,Dhulikhel Hospital,BD,Liaison XL,Break Down Call (On Site),#1733886214,Abiral Dulal,Prabhakar Neupane,
2025-09-23 13:49:21,Dhulikhel Hospital,BD,Liaison XL,Break Down Call (On Site),#1733885397,Samir Paudel,N/A,
2024-09-15 10:03:09,Dhulikhel Hospital,Bilirubin issue,BA400,Application,#8852144,Prabhakar Neupane,N/A,
2025-12-18 10:56:12,Dhulikhel Hospital,Breakdown,BA400,Break Down Call (On Site),#1733885738,Abiral Dulal,N/A,
2024-07-17 09:37:18,Dhulikhel Hospital,Calibration failed,BA400,Break Down Calls,#6641875,Prabhakar Neupane,N/A,
2025-06-12 19:08:04,Dhulikhel Hospital,chamber transport issue,Liaison XL,Break Down Call (On Site),#1733884841,Prabhakar Neupane,Sujan Babu Karki,
2024-06-17 12:39:17,Dhulikhel Hospital,Chamber transport issue,Liaison XL,Break Down Calls,#7938987,Sujan Babu Karki,N/A,
2025-11-02 10:19:53,Dhulikhel Hospital,Changed reference electrode,BA400,Break Down Call (On Site),#1733885536,Samir Paudel,Abiral Dulal,
2025-08-21 09:32:45,Dhulikhel Hospital,check the machine operation,Futura RF30,Break Down Call (On Site),#1733885226,Sujan Babu Karki,Abiral Dulal,
2025-05-28 14:42:52,Dhulikhel Hospital,chromatographic column abnormal,AH600,Break Down Calls,#1733884765,Prabhakar Neupane,N/A,
2025-11-09 11:16:59,Dhulikhel Hospital,Cistern error,BA400,Break Down Call (On Call),#1733885579,Sujan Babu Karki,N/A,
2025-11-21 11:35:16,Dhulikhel Hospital,"CK-MB Valve abnormal, b2 pump not working",BA400,Break Down Call (On Site),#1733885627,Sujan Babu Karki,N/A,
2025-03-04 17:29:12,Dhulikhel Hospital,column change,AH600,Break Down Calls,#1733884402,Prabhakar Neupane,Sujan Babu Karki,
2025-02-25 17:21:55,Dhulikhel Hospital,cuvette not reach,Liaison XL,Break Down Calls,#1733884359,Prabhakar Neupane,N/A,
2024-12-30 13:36:47,Dhulikhel Hospital,cuvette stuck,Liaison XL,Break Down Calls,#1733884017,Prabhakar Neupane,Sujan Babu Karki,
2024-05-25 17:02:56,Dhulikhel Hospital,Device sensor issue,BA400,Follow-up(Observation),#1215365,Prabhakar Neupane,N/A,"Issue: collison issue,
customer restarted device and desktop, its working now, and under observation
"
2025-08-20 11:40:47,Dhulikhel Hospital,ELECTRODE change of BA400,BA400,Break Down Call (On Site),#1733885216,Sujan Babu Karki,Abiral Dulal,
2025-12-25 11:45:03,Dhulikhel Hospital,eppendorf freeze issue,F570,Break Down Call (On Site),#1733885771,Sujan Babu Karki,Samir Paudel,
2025-09-21 11:06:53,Dhulikhel Hospital,Ergodisc 165 issue,Ergodisc 165,Break Down Call (On Site),#1733885381,Sanu Kaji Tha,N/A,
2024-11-28 15:10:07,Dhulikhel Hospital,Ergodisc 165 issue,Ergodisc 165,Break Down Calls,#2337710,Sanu Kaji Tha,N/A,
2024-11-20 17:38:48,Dhulikhel Hospital,ergodisc training,Ergodisc 165,OnSite Visit,#5675103,Sanu Kaji Tha,N/A,
2024-11-17 15:24:59,Dhulikhel Hospital,Expired electrode of BA400,BA400,Break Down Calls,#5770064,N/A, Samir Paudel,
2025-08-25 10:47:59,Dhulikhel Hospital,exz6000 check,EXZ6000,Break Down Call (On Site),#1733885240,Abiral Dulal,Samir Paudel,
2025-06-01 09:46:34,Dhulikhel Hospital,EXZ6000 check,EXZ6000,Break Down Calls,#1733884771,Prabhakar Neupane,Sujan Babu Karki,
2026-05-31 12:09:00,Dhulikhel Hospital,exz6000 HGB MODULE CHANGE,EXZ6000,Break Down Call (On Site),#1733886320,Abiral Dulal,N/A,
2025-11-06 10:20:09,Dhulikhel Hospital,EXZ6000 ISSUE,EXZ6000,Break Down Call (On Site),#1733885554,Abiral Dulal,Sujan Babu Karki,
2025-05-25 18:45:17,Dhulikhel Hospital,exz6000 issue in result,EXZ6000,Break Down Calls,#1733884749,Prabhakar Neupane,Abiral Dulal,
2025-12-16 17:09:03,Dhulikhel Hospital,filter and column change,AH600,Break Down Call (On Site),#1733885731,Abiral Dulal,Pratikshya Budhathoki,
2025-01-17 16:52:33,Dhulikhel Hospital,filter change,Futura RF30,Break Down Calls,#1733884122,Samir Paudel,N/A,
2025-07-09 18:59:50,Dhulikhel Hospital,FILTER ISSUE,AH600,Break Down Call (On Call),#1733884994,Prabhakar Neupane,N/A,
2026-01-05 19:38:01,Dhulikhel Hospital,FLOAT SENSOR ISSUE,Liaison XL,N/A,#1733885815,Samir Paudel,N/A,
2025-06-27 13:38:06,Dhulikhel Hospital,float sensor switch changed,Liaison XL,Break Down Call (On Site),#1733884944,Abiral Dulal,N/A,
2025-12-17 13:50:29,Dhulikhel Hospital,fluidic pressure issue,AH600,Break Down Call (On Site),#1733885736,Samir Paudel,Abiral Dulal,
2025-09-23 13:51:14,Dhulikhel Hospital,"Freezer, laser, lab",F570,Break Down Call (On Site),#1733885399,Sujan Babu Karki,N/A,
2024-09-11 12:25:16,Dhulikhel Hospital,Fridge Power Supply Issue,F570,Break Down Calls,#7623161,Sujan Babu Karki,"Samir Paudel,",
2024-09-09 13:16:18,Dhulikhel Hospital,Fridge Power Supply Issue,F570,Break Down Calls,#1662477,Samir Paudel,N/A,
2025-01-23 17:47:48,Dhulikhel Hospital,front panel issue,Liaison XL,Break Down Calls,#1733884161,Prabhakar Neupane,N/A,
2024-09-20 18:24:50,Dhulikhel Hospital,Getein Reagent,Getein 1600,Application,#2604858,Samir Paudel,N/A,
2025-11-06 10:19:19,Dhulikhel Hospital,H51 ISSUE,H51,Break Down Call (On Site),#1733885553,Sujan Babu Karki,Abiral Dulal,
2024-08-27 17:29:19,Dhulikhel Hospital,H51 Result,H51,Break Down Calls,#8402778,Prabhakar Neupane,Sujan Babu Karki,
2025-01-21 17:43:28,Dhulikhel Hospital,HGB abnormal,EXZ6000,Break Down Call (On Site),#1733884138,Prabhakar Neupane,N/A,
2024-09-12 12:26:54,Dhulikhel Hospital,HGB abnormal,H51,Break Down Calls,#7263329,Samir Paudel,Sujan Babu Karki,
2024-09-16 14:15:17,Dhulikhel Hospital,Hgb blank abnormal,EXZ6000,Break Down Calls,#1615615,Prabhakar Neupane,N/A,
2025-11-06 15:55:41,Dhulikhel Hospital,HGB RESULT ISSUE,H51,Break Down Call (On Site),#1733885562,Sujan Babu Karki,Abiral Dulal,
2025-11-06 15:53:43,Dhulikhel Hospital,homa of wash station pump error,BA400,Break Down Call (On Site),#1733885559,Sujan Babu Karki,Abiral Dulal,
2026-01-07 14:01:28,Dhulikhel Hospital,home error,BA400,Break Down Call (On Site),#1733885823,Samir Paudel,Prabhakar Neupane,
2025-11-03 11:09:50,Dhulikhel Hospital,Home of wash station pump error,BA400,Break Down Call (On Site),#1733885546,Abiral Dulal,Sujan Babu Karki,
2024-09-18 12:31:58,Dhulikhel Hospital,Home sensor error,BA400,Break Down Calls,#3952928,N/A,N/A,
2024-06-25 10:19:02,Dhulikhel Hospital,Home sensor error,BA400,Break Down Calls,#5180441,N/A,N/A,
2025-02-02 17:13:24,Dhulikhel Hospital,inspection of ventilator,NKV 550,Break Down Calls,#1733884208,Prabhakar Neupane,Prasanna Sigdel,
2024-08-28 14:46:08,Dhulikhel Hospital,Installation of freeze,F570,Installation,#7024332,Sujan Babu Karki,"Shiwam Paudel,",
2026-01-07 14:01:00,Dhulikhel Hospital,Installation of machine,Z50,Installation,#1733885822,Samir Paudel,Prabhakar Neupane,
2024-12-16 13:43:41,Dhulikhel Hospital,Installation of machine,AH600,Installation,#1733883938,Prabhakar Neupane,Anu Shrestha,
2024-09-19 13:11:19,Dhulikhel Hospital,Installation of machine,Getein 1600,Installation,#9033284,Prabhakar Neupane,"SamirPaudel,",
2026-02-06 10:27:13,Dhulikhel Hospital,Installation of machine BA200,BA200,Installation,#1733885933,Sujan Babu Karki,Sneha Munankami,
2024-11-05 14:38:30,Dhulikhel Hospital,intialization failed,H51,Break Down Calls,#3362001,Samir Paudel,Sujan Babu Karki,
2025-07-22 22:22:42,Dhulikhel Hospital,ise issue,BA400,Break Down Call (On Site),#1733885063,Sujan Babu Karki,Abiral Dulal,
2024-09-05 15:06:51,Dhulikhel Hospital,ISE Model Issue,BA400,Break Down Calls,#1763528,Prabhakar Neupane,Sujan Babu Karki,"ISE, drift issue"
2024-07-21 13:43:35,Dhulikhel Hospital,ISE Model Issue,BA400,Break Down Calls,#7613399,Sujan Babu Karki,N/A,
2024-07-03 16:38:42,Dhulikhel Hospital,ISE packup reading issue,BA400,Break Down Calls,#4891165,Prabhakar Neupane,N/A,
2025-08-05 22:26:39,Dhulikhel Hospital,issue in ah600,AH600,Break Down Call (On Site),#1733885142,Abiral Dulal,N/A,
2025-03-11 20:10:18,Dhulikhel Hospital,issue in AH600,AH600,Break Down Calls,#1733884430,Prabhakar Neupane,N/A,
2025-05-22 22:22:07,Dhulikhel Hospital,ISSUE IN AH600 CONTROL,AH600,Break Down Calls,#1733884741,Sujan Babu Karki,Abiral Dulal,
2026-02-01 12:13:51,Dhulikhel Hospital,issue in BA400,BA400,Break Down Call (On Site),#1733885913,Abiral Dulal,N/A,
2026-01-05 19:37:05,Dhulikhel Hospital,issue in BA400,BA400,Break Down Call (On Site),#1733885814,Samir Paudel,N/A,
2025-07-30 13:51:00,Dhulikhel Hospital,issue in BA400,BA400,Break Down Call (On Site),#1733885112,Prabhakar Neupane,N/A,
2025-05-22 22:21:42,Dhulikhel Hospital,issue in BA400,BA400,Break Down Calls,#1733884740,Sujan Babu Karki,Abiral Dulal,
2025-04-28 20:44:16,Dhulikhel Hospital,ISSUE IN ba400,BA400,Break Down Calls,#1733884642,Sujan Babu Karki,Nishen Adhikari,
2025-03-14 16:32:19,Dhulikhel Hospital,issue in BA400,BA400,Break Down Calls,#1733884442,Sujan Babu Karki,N/A,
2025-01-31 17:51:38,Dhulikhel Hospital,ISSUE IN BA400,BA400,Break Down Calls,#1733884200,Samir Paudel,N/A,
2025-01-22 15:33:39,Dhulikhel Hospital,issue in BA400,BA400,Break Down Calls,#1733884147,Samir Paudel,N/A,
2024-10-16 15:10:40,Dhulikhel Hospital,issue in ba400,BA400,Break Down Calls,#7704447,N/A,N/A,
2024-08-27 17:27:55,Dhulikhel Hospital,Issue in BA400,BA400,Break Down Calls,#9300820,Prabhakar Neupane,Sujan Babu Karki,
2025-03-19 18:13:06,Dhulikhel Hospital,issue in ba400 ise,BA400,Break Down Calls,#1733884474,Prabhakar Neupane,N/A,
2025-01-07 18:14:52,Dhulikhel Hospital,issue in ba400 ise,BA400,Break Down Calls,#1733884073,Prabhakar Neupane,N/A,
2025-08-06 17:18:10,Dhulikhel Hospital,issue in H51,H51,Break Down Call (On Site),#1733885150,Abiral Dulal,Sujan Babu Karki,
2024-10-16 15:11:13,Dhulikhel Hospital,Issue in Liaison,Liaison,BreakDownCalls,#3119228,Prabhakar Neupane,"SujanBabuKarki,",
2025-08-29 14:01:37,Dhulikhel Hospital,issue in Liaison xl,Liaison XL,Break Down Call (On Site),#1733885254,Samir Paudel,Abiral Dulal,
2025-08-18 15:19:21,Dhulikhel Hospital,issue in Liaison xl,Liaison XL,Break Down Call (On Call),#1733885208,Samir Paudel,N/A,
2025-03-19 18:12:40,Dhulikhel Hospital,issue in Liaison xl,Liaison XL,Break Down Calls,#1733884473,Prabhakar Neupane,N/A,
2025-12-25 11:22:36,Dhulikhel Hospital,issue in lxl,Liaison XL,Break Down Call (On Site),#1733885770,Samir Paudel,Sujan Babu Karki,
2025-08-06 17:18:40,Dhulikhel Hospital,ISSUE IN RESULT,BA400,Break Down Call (On Site),#1733885151,Sujan Babu Karki,Abiral Dulal,
2026-01-06 17:28:19,Dhulikhel Hospital,issue in wash satation,BA400,Break Down Call (On Site),#1733885818,Abiral Dulal,Prabhakar Neupane,
2024-10-27 09:56:34,Dhulikhel Hospital,issue on chamber transport,Liaison,Break Down Calls,#3442001,Sujan Babu Karki,N/A,
2025-06-01 09:47:18,Dhulikhel Hospital,laser check,Lucid Q-PTP,Application Visit,#1733884773,Sujan Babu Karki,N/A,
2025-06-10 20:35:08,Dhulikhel Hospital,laser machine check,AlexStar Red Edition,Break Down Call (On Site),#1733884831,Sujan Babu Karki,N/A,
2024-07-11 14:59:19,Dhulikhel Hospital,Liaison BGW/LC high issue,Liaison,Break Down Calls,#1899488,N/A,N/A,BGW/LC-left/LC right high values.
2024-09-04 11:16:14,Dhulikhel Hospital,Liaison RLU result issue,Liaison,Break Down Calls,#6087878,Prabhakar Neupane,Pradeep Ghimire,
2025-06-01 09:46:59,Dhulikhel Hospital,Liaison software issue,Liaison XL,Break Down Calls,#1733884772,Prabhakar Neupane,N/A,
2024-05-12 11:08:28,Dhulikhel Hospital,Liaison System Overflow Issue,Liaison XL,Break Down Calls,#3002616,Sneha,N/A,Liaison System Overflow Issue. Guiding Online for device maintenance.
2025-08-28 12:19:38,Dhulikhel Hospital,Liaison xl issue,Liaison XL,Break Down Call (On Site),#1733885251,Samir Paudel,Abiral Dulal,
2025-07-22 22:22:17,Dhulikhel Hospital,Liaison xl issue,Liaison XL,Break Down Call (On Site),#1733885062,Samir Paudel,Sujan Babu Karki,
2025-04-28 17:58:03,Dhulikhel Hospital,Liaison xl issue,Liaison XL,Break Down Calls,#1733884641,Prabhakar Neupane,Sujan Babu Karki,
2025-04-18 22:28:27,Dhulikhel Hospital,Liaison xl issue,Liaison XL,N/A,#1733884598,Prabhakar Neupane,N/A,
2025-02-27 16:05:25,Dhulikhel Hospital,Liaison xl issue,Liaison XL,Break Down Calls,#1733884364,Sujan Babu Karki,"Nishen Adhikari,Sujan Babu Karki,",
2024-10-30 17:38:28,Dhulikhel Hospital,Liaison XL issue,Liaison XL,Break Down Calls,#8157776,Samir Paudel,Sujan Babu Karki,
2025-02-21 16:45:57,Dhulikhel Hospital,Liaison xl result fluctuation,Liaison XL,Break Down Calls,#1733884329,Prabhakar Neupane,N/A,
2025-01-02 17:12:47,Dhulikhel Hospital,lithium loading issue,BA400,Break Down Calls,#1733884045,N/A,Nishen Adhikari,
2025-08-20 11:41:48,Dhulikhel Hospital,LXL CHECK RESULT,Liaison XL,Break Down Call (On Site),#1733885217,Abiral Dulal,Sujan Babu Karki,
2024-07-30 10:02:54,Dhulikhel Hospital,LXL left pipettor error,Liaison XL,Break Down Calls,#4165185,Prabhakar Neupane,N/A,
2025-01-10 17:28:41,Dhulikhel Hospital,machine issue,Ergodisc 165,Break Down Calls,#1733884086,Sanu Kaji Tha,N/A,
2024-12-26 14:59:32,Dhulikhel Hospital,Optical Error,BA400,Break Down Calls,#1733884003,Abiral Dulal,N/A,
2025-11-19 12:36:23,Dhulikhel Hospital,optical module cleaning,EXZ6000,Break Down Call (On Site),#1733885616,Sujan Babu Karki,Abiral Dulal,
2026-01-13 09:35:56,Dhulikhel Hospital,overall all machine check,Liaison XL,Break Down Call (On Site),#1733885842,Samir Paudel,Prabhakar Neupane,
2026-01-29 21:58:21,Dhulikhel Hospital,overall check,Liaison XL,Break Down Call (On Site),#1733885905,Samir Paudel,N/A,
2025-11-28 09:33:33,Dhulikhel Hospital,overall check of the machines in department,BA400,Break Down Call (On Site),#1733885655,Sujan Babu Karki,Prasanna Sigdel,
2026-04-29 09:47:33,Dhulikhel Hospital,OVERALL FOLLOW UP,EXZ6000,Break Down Call (On Site),#1733886215,Abiral Dulal,Prabhakar Neupane,
2025-11-21 11:32:33,Dhulikhel Hospital,PCB Frequency convertor 230 V faulty,Centrifuge 5702/R,Break Down Call (On Site),#1733885626,Sujan Babu Karki,N/A,
2024-07-11 15:01:12,Dhulikhel Hospital,PMS,Liaison XL,PMS,#4961785,N/A,N/A,PMS
2024-11-17 15:26:27,Dhulikhel Hospital,PMS and baseline error of machine,BA400,PMS,#8873569,Samir Paudel,Pradeep Ghimire,
2025-09-28 13:52:22,Dhulikhel Hospital,PMS of  AlexStar Red Edition,AlexStar Red Edition,PMS,#1733885427,Sujan Babu Karki,N/A,
2025-04-28 17:55:54,Dhulikhel Hospital,pms of AH600,AH600,PMS,#1733884638,Prabhakar Neupane,N/A,
2025-01-12 14:16:53,Dhulikhel Hospital,PMS OF EXZ6000,EXZ6000,PMS,#1733884097,Prabhakar Neupane,N/A,
2025-07-27 14:01:12,Dhulikhel Hospital,PMS OF laser,AlexStar Red Edition,PMS,#1733885088,Sujan Babu Karki,Prasanna Sigdel,
2024-06-25 10:12:43,Dhulikhel Hospital,PMS of Liaison XL,Liaison XL,PMS,#7194780,Prabhakar Neupane,N/A,
2024-12-31 10:22:50,Dhulikhel Hospital,PMS of the cryocube freeze,F570,PMS,#1733884022,Sujan Babu Karki,N/A,
2025-10-17 17:05:11,Dhulikhel Hospital,pms of the machine,AlexStar Red Edition,Break Down Call (On Site),#1733885497,Sujan Babu Karki,N/A,
2025-07-27 14:01:41,Dhulikhel Hospital,PMS of the machine,AH600,PMS,#1733885089,Sujan Babu Karki,N/A,
2024-12-16 13:43:18,Dhulikhel Hospital,Pre Installation of machine,AH600,Pre Installation,#1733883937,Prabhakar Neupane,Sneha Munankami,
2025-02-04 18:01:04,Dhulikhel Hospital,PRESSURE ABNORMAL,AH600,Break Down Calls,#1733884219,Prabhakar Neupane,N/A,
2025-08-28 12:19:58,Dhulikhel Hospital,qc issue,AH600,Break Down Call (On Site),#1733885252,Abiral Dulal,N/A,
2025-10-17 17:02:58,Dhulikhel Hospital,qc lot manage,EXZ6000,Break Down Call (On Site),#1733885495,Abiral Dulal,N/A,
2025-02-16 17:30:44,Dhulikhel Hospital,qc result issue,AH600,Break Down Calls,#1733884289,Prabhakar Neupane,N/A,
2024-07-21 15:10:30,Dhulikhel Hospital,QC setup and overall device maintenance,EXZ6000,Application,#3728061,Prabhakar Neupane,N/A,
2025-11-06 15:54:17,Dhulikhel Hospital,RBC Chamber issue,EXZ6000,Break Down Call (On Site),#1733885560,Sujan Babu Karki,Abiral Dulal,
2025-11-03 11:11:23,Dhulikhel Hospital,RBC Chamber issue,EXZ6000,Break Down Call (On Site),#1733885547,Abiral Dulal,Sujan Babu Karki,
2024-07-22 11:12:23,Dhulikhel Hospital,Reagent arm one adjustment,BA400,Break Down Calls,#1514431,Prabhakar Neupane,N/A,
2024-11-08 17:46:16,Dhulikhel Hospital,Reagent integrity failure,Liaison XL,Break Down Calls,#7584811,Prabhakar Neupane,N/A,
2024-07-28 17:23:01,Dhulikhel Hospital,Reagent onboard expired,Liaison XL,Break Down Calls,#7505533,Samir Paudel,N/A,
2025-06-12 19:08:25,Dhulikhel Hospital,result cross check,EXZ6000,Break Down Call (On Site),#1733884842,Sujan Babu Karki,Nishen Adhikari,
2026-01-20 13:19:27,Dhulikhel Hospital,RESULT FLUCTUATION,Z50,Break Down Call (On Site),#1733885870,Prabhakar Neupane,Abiral Dulal,
2025-01-24 17:21:31,Dhulikhel Hospital,rotor issue,BA400,Break Down Calls,#1733884168,Samir Paudel,"Sujan Babu Karki,",
2024-05-22 10:32:53,Dhulikhel Hospital,Rotor overflow,BA400,Break Down Calls,#7877641,Prabhakar Neupane,N/A,"device name: BA400
Serial number: 834000632
issue: Rotor overflow, rejected baseline"
2026-01-04 13:11:51,Dhulikhel Hospital,Rotor overflow issue,BA400,Break Down Call (On Call),#1733885809,Samir Paudel,N/A,
2024-11-25 14:40:43,Dhulikhel Hospital,Sample probe issue,BA400,Break Down Calls,#2059964,Sujan Babu Karki, Nabin Bhandari,
2024-11-20 17:30:14,Dhulikhel Hospital,Sample result cross check,Liaison XL,OnSite Visit,#3411150,Prabhakar Neupane,N/A,
2025-11-19 12:35:36,Dhulikhel Hospital,Shifting of machine,BA400,Break Down Call (On Site),#1733885615,Abiral Dulal,Sujan Babu Karki,
2024-07-09 15:18:16,Dhulikhel Hospital,Slope Error,i-SMART 30,Break Down Calls,#2108624,Prabhakar Neupane,N/A,
2024-09-02 14:33:54,Dhulikhel Hospital,Software issue,BA400,Break Down Calls,#9634843,Prabhakar Neupane,N/A,
2025-01-20 15:18:03,Dhulikhel Hospital,software update,BA400,Break Down Calls,#1733884131,Prabhakar Neupane,"Samir Paudel,Shiwam Paudel,",
2024-07-28 17:22:04,Dhulikhel Hospital,Starter level communication error,Liaison XL,Break Down Calls,#9262533,Samir Paudel,N/A,
2024-06-04 17:25:22,Dhulikhel Hospital,Starter reading issue,Liaison XL,Follow-up(Observation),#7854874,Prabhakar Neupane,N/A,"Liaison XL,
Starter reading issue,"
2025-10-30 16:20:29,Dhulikhel Hospital,Taken Sample Pipettor,Liaison XL,Break Down Call (On Site),#1733885525,Samir Paudel,Abiral Dulal,
2025-08-22 13:57:33,Dhulikhel Hospital,Tip Eject fail,Liaison XL,Break Down Call (On Call),#1733885234,Samir Paudel,N/A,
2024-07-08 10:27:34,Dhulikhel Hospital,To check Ventilator,NKV 550,Application,#7492370,Pratikshya Budhathoki,N/A,
2024-07-08 09:55:07,Dhulikhel Hospital,To check Ventilator,NKV 550,Break Down Calls,#4282426,Prabhakar Neupane,N/A,
2024-08-25 17:08:08,Dhulikhel Hospital,To shift the machine,H51,Follow-up(Observation),#1378318,N/A,N/A,
2024-07-28 17:25:19,Dhulikhel Hospital,Urea reagent issue,BA400,Break Down Calls,#2119923,Sujan Babu Karki,N/A,
2025-06-01 09:48:30,Dhulikhel Hospital,Ventilator Issue,NKV 550,Break Down Calls,#1733884774,Prabhakar Neupane,Prasanna Sigdel,
2024-10-22 16:13:06,Dhulikhel Hospital,waste bottle calibration,BA400,Break Down Calls,#2792136,Sujan Babu Karki,Pradeep Ghimire,
2024-09-03 14:47:28,Dhulikhel Hospital,Water tank limit issue,BA400,Break Down Calls,#8807106,Prabhakar Neupane,"Pradeep Ghimire,",
2025-02-04 18:01:56,Dhulikhel Hospital,Wholebody Phototherapy check,Wholebody Phototherapy,OnSite Visit,#1733884220,Prabhakar Neupane,N/A,
2026-01-26 12:33:13,Dhulikhel Hospital,z50 check,Z50,Break Down Call (On Site),#1733885886,Abiral Dulal,N/A,
2024-09-25 14:32:09,Dhulikhel Hospital,Issue in reagent arm 1,BA400,BreakDownCalls,#9942774,Prabhakar Neupane,"SujanBabuKarki,",
2024-12-31 10:20:59,DI Skin Hospital And Referral Center (DISHARC),Inspection,More-XEL,OnSite Visit,#1733884021,Samir Paudel,Prasanna Sigdel,
2024-08-06 11:36:06,District Hospital - Bajhang,Power supply loss in an autoclave,Autoclave - 79 Litre,Break Down Calls,#8583139,N/A,N/A,
2025-10-12 10:32:18,District Hospital - Bajura,Installation of NW5+,NW 5+,Installation,#1733885466,Samir Paudel,Sujan Babu Karki,
2026-04-30 10:14:52,District Hospital - Bajura,pms,NW 5+,PMS,#1733886219,Sujan Babu Karki,N/A,
2025-10-12 10:27:53,District Hospital - Doti,installation  of NW5+,NW 5+,Installation,#1733885465,Samir Paudel,Sujan Babu Karki,
2025-07-29 23:08:56,Door Step Health Services,changed original board,H33s,Break Down Call (On Site),#1733885107,Prabhakar Neupane,Sneha Munankami,
2024-10-25 17:39:37,Door Step Health Services,issue in h33s,H33s,Break Down Calls,#9867494,Sujan Babu Karki,N/A,
2024-10-07 16:22:47,Door Step Health Services,Issue in probe,H33s,BreakDownCalls,#9746002,N/A,N/A,
2024-11-15 16:49:27,Door Step Health Services,issue in probe assembly,H33s,Break Down Calls,#9119157,N/A,N/A,
2026-05-13 11:55:29,Door Step Health Services,Software Update,H33s,Break Down Call (On Site),#1733886267,Samir Paudel,N/A,
2026-01-25 11:03:14,Dusit Princess - Kathmandu,Breakdown,Dosing Pump,Break Down Call (On Site),#1733885882,Sanu Kaji Tha,N/A,
2025-02-06 16:46:17,Dusit Princess - Kathmandu,chemical formula setting,Dosing Pump,Break Down Calls,#1733884229,Sanu Kaji Tha,N/A,
2025-01-31 17:53:04,Dusit Princess - Kathmandu,issue in l5000,Dosing Pump,Break Down Calls,#1733884202,Sanu Kaji Tha,N/A,
2026-06-01 17:29:12,Dusit Princess - Kathmandu,issue in machine,Dosing Pump,Break Down Call (On Site),#1733886327,Sanu Kaji Tha,N/A,
2025-05-07 17:52:35,Dusit Princess - Kathmandu,issue in machine,Dosing Pump,Break Down Calls,#1733884667,Sanu Kaji Tha,N/A,
2025-03-19 18:14:49,Dusit Princess - Kathmandu,issue in machine,Dosing Pump,Break Down Calls,#1733884476,Sanu Kaji Tha,N/A,
2025-07-11 12:14:07,Dusit Princess - Kathmandu,l5000 issue,Dosing Pump,Break Down Call (On Site),#1733885009,Sanu Kaji Tha,N/A,
2025-02-22 20:18:19,Dusit Princess - Kathmandu,machine check,Dosing Pump,Break Down Calls,#1733884335,Sanu Kaji Tha,N/A,
2024-12-25 14:05:54,Dusit Princess - Kathmandu,Pipe damage,Dosing Pump,Break Down Calls,#1733883989,Sanu Kaji Tha,N/A,
2025-12-01 10:06:44,Dusit Princess - Kathmandu,program setup,Dosing Pump,Break Down Call (On Site),#1733885671,Sanu Kaji Tha,N/A,
2026-04-30 10:54:52,Dusit Princess - Kathmandu,check chemical dosing and calibration,Dosing Pump,Break Down Call (On Site),#1733886220,Sanu Kaji Tha,N/A,
2025-12-31 10:44:46,Dynasty Medical Center Pvt. Ltd.,PMS of the machine,BA200,PMS,#1733885797,Abiral Dulal,N/A,
2025-06-04 18:14:04,Dynasty Medical Center Pvt. Ltd.,PMS of the machine,BA200,PMS,#1733884790,Sujan Babu Karki,N/A,
2025-06-02 14:51:28,Dynasty Medical Center Pvt. Ltd.,PMS of the machine,BA200,PMS,#1733884782,Sujan Babu Karki,N/A,
2024-12-27 08:58:05,Everest Health Home Service Pvt. Ltd.,new ticket raised for pms,BA200,N/A,#1733884008,N/A,N/A,
2025-09-18 13:44:20,Everest Health Home Service Pvt. Ltd.,PMS,BA200,N/A,#1733885334,Abiral Dulal,N/A,
2025-06-06 17:12:51,Everest Health Home Service Pvt. Ltd.,QC ISSUE,BA200,Break Down Call (On Site),#1733884808,Sujan Babu Karki,N/A,
2026-01-18 10:41:59,Frontline Hospital,motor issue,Vacumat 22,Break Down Call (On Site),#1733885862,Sujan Babu Karki,N/A,
2026-01-29 21:57:09,Frontline Hospital,spare change,Vacumat 22,Break Down Call (On Site),#1733885903,Sanu Kaji Tha,N/A,
2024-11-26 15:51:11,Fusion Medical Center,PMS of BA200 at Fusion Medical Center,BA200,PMS,#1732615571,N/A,N/A,
2025-12-31 10:46:26,Fusion Medical Center,PMS of the machine,BA200,PMS,#1733885798,Prabhakar Neupane,N/A,
2025-06-05 18:07:30,Fusion Medical Center,PMS of the machine,BA200,PMS,#1733884799,Sujan Babu Karki,N/A,
2025-02-18 13:11:06,Fusion Medical Center,PMS of the machine,BA200,PMS,#1733884305,N/A,N/A,
2024-09-25 17:25:14,Fusion Medical Center,PMS of the machine,BA200,PMS,#2705806,N/A,N/A,
2026-02-06 10:28:40,Fusion Medical Center,STIRRER and regent home sensor issue,BA200,Break Down Call (On Call),#1733885934,Pratikshya Budhathoki,N/A,
2025-03-23 21:24:28,Fusion Medical Center,stirrer home error,BA200,Break Down Calls,#1733884494,Samir Paudel,N/A,
2025-09-14 13:35:23,G4S Security Services Nepal Pvt. Ltd.,ergodisc maintenance,Ergodisc 165,Break Down Call (On Site),#1733885317,Sanu Kaji Tha,N/A,
2024-05-26 13:01:02,Gaighat City Hospital,BA 200 Software update,BA200,Break Down Calls,#4531387,Sneha,N/A,Software update of BA 200 done through online 
2024-06-28 12:33:19,Gaighat City Hospital,BA200 Billirubin report issue,BA200,Follow-up(Observation),#4213028,Prabhakar Neupane,N/A,"BA200 report abnormal ,
Billirubin issue,
"
2025-06-17 19:11:31,Gaighat City Hospital,beta hcg issue,Liaison XS,Break Down Call (On Site),#1733884866,Pradip Baral,N/A,
2025-06-10 20:35:44,Gaighat City Hospital,beta hcg issue,Liaison XS,N/A,#1733884832,Pradip Baral,N/A,
2025-01-24 08:58:05,Gaighat City Hospital,BioSystems - PMS and Expiry Alert !! (19),BA200,PMS,#1733884163,Pradip Baral,N/A,
2025-11-13 11:04:55,Gaighat City Hospital,Breakdown,BA200,Break Down Call (On Site),#1733885596,Abiral Dulal,N/A,
2024-09-15 10:00:56,Gaighat City Hospital,CA125 assay import guide,Liaison XS,Application,#8387206,Prabhakar Neupane,"Samir Paudel,",
2025-07-20 22:26:49,Gaighat City Hospital,check ba200,BA200,Break Down Call (On Site),#1733885055,Abiral Dulal,N/A,
2025-07-20 22:27:15,Gaighat City Hospital,check Liaison xs,Liaison XS,Break Down Call (On Site),#1733885056,Abiral Dulal,N/A,
2025-02-25 17:53:24,Gaighat City Hospital,gripper issue,Liaison XS,Break Down Calls,#1733884361,Samir Paudel,N/A,
2024-09-29 17:39:04,Gaighat City Hospital,Inspection of BA200,BA200,BreakDownCalls,#7001336,Pradip Baral,N/A,
2024-09-29 17:37:02,Gaighat City Hospital,Inspection of Liaison XS,Liaison XS,BreakDownCalls,#4657227,Pradip Baral,N/A,
2025-03-25 22:11:05,Gaighat City Hospital,ISSUE IN Liaison,Liaison XS,Break Down Calls,#1733884512,Anil Mandal,N/A,
2025-04-13 12:36:43,Gaighat City Hospital,issue in Liaison xs,Liaison XS,Break Down Calls,#1733884568,Pradip Baral,Anil Mandal,
2025-09-08 23:13:18,Gaighat City Hospital,issue in Liaisonxs,Liaison XS,Break Down Call (On Site),#1733885307,Pradip Baral,N/A,
2025-03-11 20:08:15,Gaighat City Hospital,issue in z50,Z50,Break Down Calls,#1733884427,Pradip Baral,N/A,
2025-12-25 10:09:30,Gaighat City Hospital,Liaison xs issue,Liaison XS,Break Down Call (On Site),#1733885766,Pradip Baral,N/A,
2024-12-05 16:43:04,Gaighat City Hospital,Liaison xs issue,Liaison XS,Break Down Calls,#3274867,Pradip Baral,"Samir Paudel,",
2024-10-28 18:03:31,Gaighat City Hospital,Liaison xs issue,Liaison XS,Break Down Calls,#2707993,Pradip Baral,Anil Mandal,
2026-05-14 10:24:50,Gaighat City Hospital,PMS - Gaighat City Hospital,BA200,PMS,#1733886272,Abiral Dulal,Sneha Munankami,
2025-09-24 12:34:13,Gaighat City Hospital,PMS- ismart 30pro,i-SMART 30 PRO,PMS,#1733885413,Pradip Baral,N/A,
2025-06-18 13:01:38,Gaighat City Hospital,PMS of the machine,Z50,PMS,#1733884878,Pradip Baral,N/A,
2025-06-18 12:59:58,Gaighat City Hospital,PMS of the machine,i-SMART 30 PRO,PMS,#1733884876,Pradip Baral,N/A,
2025-06-18 12:59:20,Gaighat City Hospital,PMS of the machine,BTS,PMS,#1733884875,Pradip Baral,N/A,
2025-06-16 22:29:09,Gaighat City Hospital,pms of the machine,BA200,PMS,#1733884860,Pradip Baral,Anil Mandal,
2025-06-06 14:16:29,Gaighat City Hospital,qc setup,BA200,Break Down Call (On Call),#1733884804,Samir Paudel,N/A,
2025-01-02 16:30:25,Gaighat City Hospital,Reagent integrity failure,Liaison XS,Break Down Calls,#1733884039,Samir Paudel,N/A,
2025-09-24 12:26:37,Gaighat City Hospital,Syringe modulation Issue,Z50,Break Down Call (On Site),#1733885407,Pradip Baral,N/A,
2025-11-21 11:18:20,Gaighat City Hospital,System  liquid depleted,Liaison XS,Break Down Call (On Call),#1733885623,Pradip Baral,N/A,
2025-11-20 14:43:38,Gaighat City Hospital,System liquid depleted,Liaison XS,Break Down Call (On Call),#1733885620,Pradip Baral,N/A,
2025-12-10 16:58:47,Gaighat City Hospital,TSH calibration issue,Liaison XS,Break Down Call (On Site),#1733885709,Pradip Baral,N/A,
2025-01-21 17:48:38,Gaighat City Hospital,weekly manintenace&amp; T4 integrity error,Liaison XS,Break Down Calls,#1733884143,Samir Paudel,N/A,
2024-09-30 11:36:22,Gaighat City Hospital,wash station cuvette stuck,Liaison XS,Break Down Calls,#8563402,Prabhakar Neupane,"AnilMandal,PradipBaral,",
2026-05-08 10:06:28,Gandaki Medical College,alignment of the lids,STP 120,Break Down Call (On Site),#1733886251,Binita Paudel,N/A,
2026-01-05 19:38:57,Gandaki Medical College,ASPIRATION DETECTION ERROR,Liaison XL,N/A,#1733885816,Binita Paudel,Samir Paudel,
2026-05-17 12:35:56,Gandaki Medical College,Aspiration Failure,Liaison XL,Break Down Call (On Site),#1733886278,Binita Paudel,N/A,
2026-02-06 09:55:16,Gandaki Medical College,aspiration issue,Liaison XL,Break Down Call (On Site),#1733885930,Binita Paudel,N/A,
2026-05-24 10:19:33,Gandaki Medical College,Breakdown- Decontamination,Liaison XL,Break Down Call (On Site),#1733886296,Binita Paudel,N/A,
2025-02-04 18:00:37,Gandaki Medical College,bubble in starter,Liaison XL,Break Down Calls,#1733884218,N/A,N/A,
2025-01-29 17:33:00,Gandaki Medical College,control out of range,Liaison XL,Break Down Calls,#1733884194,N/A,N/A,
2024-08-21 16:46:52,Gandaki Medical College,Cuvette stuck,Liaison XL,Break Down Calls,#9168732,Prabhakar Neupane,N/A,
2024-07-03 16:37:25,Gandaki Medical College,Ferritin Calibration Issue,Liaison XL,Break Down Calls,#1896087,Prabhakar Neupane,N/A,
2025-01-19 18:13:57,Gandaki Medical College,Follow up of the machine,Liaison XL,Break Down Calls,#1733884129,N/A,N/A,
2024-12-13 17:40:26,Gandaki Medical College,Follow up of the machine,Liaison XL,OnSite Visit,#1733883926,N/A,N/A,
2025-01-12 18:38:11,Gandaki Medical College,General visit,Liaison XL,OnSite Visit,#1733884098,N/A,N/A,
2024-12-15 17:41:41,Gandaki Medical College,general visit,Liaison XL,OnSite Visit,#1733883933,N/A,N/A,
2025-06-06 14:17:00,Gandaki Medical College,HIGH RLUS,Liaison XL,Break Down Call (On Call),#1733884805,Prabhakar Neupane,N/A,
2024-06-28 13:03:49,Gandaki Medical College,Inspection and Application support,Liaison XL,Break Down Calls,#3689980,N/A,N/A,
2025-03-30 18:37:46,Gandaki Medical College,Installation of machine,Liaison XL,Installation,#1733884532,Prabhakar Neupane,Ashish Pathak,
2025-12-01 14:25:38,Gandaki Medical College,installation of myr tissue processor,STP 120,Installation,#1733885675,Sujan Babu Karki,N/A,
2025-09-08 23:12:45,Gandaki Medical College,integrity error,Liaison XL,Break Down Call (On Site),#1733885306,Samir Paudel,N/A,
2026-02-01 14:38:40,Gandaki Medical College,issue iin lxl,Liaison XL,Break Down Call (On Site),#1733885915,Binita Paudel,Samir Paudel,
2026-02-05 09:10:14,Gandaki Medical College,Liaison issue,Liaison XL,Break Down Call (On Site),#1733885929,Samir Paudel,Binita Paudel,
2024-12-24 11:16:24,Gandaki Medical College,Liaison issue,Liaison XL,Break Down Calls,#1733883981,Prabhakar Neupane,Bhanu Bhakta Rijal,
2024-10-17 17:49:44,Gandaki Medical College,Liaison issue,Liaison XL,Break Down Calls,#1370589,Samir Paudel,N/A,
2025-01-10 17:37:46,Gandaki Medical College,Liaison observation,Liaison XL,OnSite Visit,#1733884093,N/A,N/A,
2025-01-10 17:37:05,Gandaki Medical College,Liaison observation,Liaison XL,OnSite Visit,#1733884092,N/A,N/A,
2024-05-26 13:03:17,Gandaki Medical College,Liaison XL Sample arm replacement,Liaison XL,Break Down Calls,#9802847,Sneha,N/A,"Change of sample arm and software update.
Check the stability of machine along with results."
2024-06-28 13:28:04,Gandaki Medical College,"Liaison XL, OLV arm calibration issue",Liaison XL,Break Down Calls,#9800749,Prabhakar Neupane,N/A,"Liaison XL sn:2210002246
OLV calibration issue"
2026-02-02 12:58:50,Gandaki Medical College,lxl maintenance,Liaison XL,Break Down Call (On Site),#1733885922,Binita Paudel,N/A,
2025-01-03 09:46:14,Gandaki Medical College,observation of Liaison xl,Liaison XL,OnSite Visit,#1733884049,N/A,N/A,
2025-01-01 18:09:49,Gandaki Medical College,observation of Liaison xl,Liaison XL,OnSite Visit,#1733884036,N/A,N/A,
2024-12-31 20:11:03,Gandaki Medical College,observation of Liaison xl,Liaison XL,OnSite Visit,#1733884029,N/A,N/A,
2025-01-20 15:26:31,Gandaki Medical College,on site visit,Liaison XL,Break Down Calls,#1733884132,N/A,N/A,
2025-01-15 17:46:55,Gandaki Medical College,on site visit,Liaison XL,OnSite Visit,#1733884110,N/A,N/A,
2025-01-17 16:52:07,Gandaki Medical College,onsite visit for Liaison xl,Liaison XL,Break Down Calls,#1733884121,N/A,N/A,
2024-12-16 17:51:52,Gandaki Medical College,onsite visit for Liaison xl,Liaison XL,OnSite Visit,#1733883946,N/A,N/A,
2025-12-03 16:33:28,Gandaki Medical College,pm kit change,Liaison XL,PMS,#1733885689,Samir Paudel,Binita Paudel,
2025-05-19 17:51:22,Gandaki Medical College,PMS of the machine,Liaison XL,PMS,#1733884717,Samir Paudel,N/A,
2026-05-07 12:26:51,Gandaki Medical College,Power failure,STP 120,Break Down Call (On Call),#1733886248,Binita Paudel,N/A,
2025-12-16 17:10:38,Gandaki Medical College,power on issue,STP 120,Break Down Call (On Site),#1733885733,Samir Paudel,Binita Paudel,
2024-07-16 10:05:54,Gandaki Medical College,Reagent integrity failure,Liaison XL,Application,#7882012,N/A,N/A,Reagent integrity error
2024-12-19 16:45:25,Gandaki Medical College,Right arm Z axis outside tolerance and bended reagent probe,Liaison XL,Break Down Calls,#1733883956,N/A,N/A,
2025-01-05 17:03:43,Gandaki Medical College,"right arm, z axis motor overload",Liaison XL,Break Down Calls,#1733884057,N/A,N/A,
2025-11-09 09:33:36,Gandaki Medical College,Sample  Pending,Liaison XL,Break Down Call (On Site),#1733885578,Binita Paudel,Samir Paudel,
2025-08-22 13:56:24,Gandaki Medical College,Sample Integrity error,Liaison XL,Break Down Call (On Call),#1733885233,Samir Paudel,N/A,
2024-05-27 13:11:44,Gandaki Medical College,Software update and sample pipettor change,Liaison XL,Break Down Calls,#7531635,Prabhakar Neupane,N/A,"Issue: software update ongoing, need to inspect further"
2025-03-28 21:45:27,Gandaki Medical College,tabulation of Liaison xl,Liaison XL,Pre Installation,#1733884526,Prabhakar Neupane,Ashish Pathak,
2025-01-13 18:53:25,Gandaki Medical College,target not reach,Liaison XL,Break Down Calls,#1733884105,N/A,N/A,
2024-12-18 16:05:30,Gandaki Medical College,target not reach,Liaison XL,Break Down Calls,#1733883953,N/A,N/A,
2024-12-11 17:34:30,Gandaki Medical College,TSH result issue,Liaison XL,Break Down Calls,#1733883909,N/A,N/A,
2025-01-21 17:44:10,Gandaki Medical College,tsh value high,Liaison XL,Break Down Calls,#1733884139,N/A,Nishen Adhikari,
2025-06-20 18:33:17,Gandaki Medical College,tsh value issue,Liaison XL,Break Down Call (On Call),#1733884891,Prabhakar Neupane,N/A,
2025-12-15 09:26:20,Gandaki Medical College,vertical motor change,STP 120,Break Down Call (On Site),#1733885723,Samir Paudel,Binita Paudel,
2024-12-22 11:24:38,Gandaki Medical College,Washer aspiration issue,Liaison XL,Break Down Calls,#1733883973,N/A,Nishen Adhikari,
2024-12-04 16:26:24,Gandaki Medical College,worklist command execution timeout,Liaison XL,Break Down Calls,#4259021,N/A,N/A,
2024-12-08 17:17:17,Gandaki Medical College,Follow up of the machine,Liaison XL,OnSiteVisit,#4085311,N/A,N/A,
2024-12-01 16:57:14,Gandaki Medical College,Follow up of the machine,Liaison XL,BreakDownCalls,#8784117,N/A,N/A,
2024-12-05 16:42:15,Gandaki Medical College,washer aspiration issue,Liaison XL,BreakDownCalls,#6938909,N/A,N/A,
2024-12-03 13:28:21,Gandaki Medical College,Washer aspiration issue,Liaison XL,Break Down Calls,#4800984,N/A,N/A,
2024-12-06 15:54:16,Gandaki Medical College,washer aspiration issue follow up,Liaison XL,OnSiteVisit,#4178251,N/A,N/A,
2025-07-06 13:30:31,Geta Hospital,Breakdown,NW 5+,Break Down Call (On Call),#1733884981,Samir Paudel,N/A,
2025-01-01 08:44:07,Geta Hospital,Newster - PMS and Expiry Alert !! (Batch #5),NW 5+,PMS,#1733884031,Samir Paudel,N/A,
2025-05-12 20:49:04,Geta Hospital,newster check,NW 5+,N/A,#1733884686,Samir Paudel,N/A,
2024-11-20 17:38:15,Geta Hospital,newster inspection,NW 5+,Break Down Calls,#9156665,Samir Paudel,N/A,
2025-10-19 11:20:30,Geta Hospital,Overall check,NW 5+,Break Down Call (On Site),#1733885504,Samir Paudel,N/A,
2025-10-19 11:24:00,Geta Hospital,overall desk,ERGODISC 165,Break Down Call (On Site),#1733885505,Samir Paudel,N/A,
2024-11-22 14:57:29,Godawari Hospital - Urlabari,Not aspirating properly,BTS350,Break Down Calls,#7778213,Pradip Baral,N/A,
2024-08-11 11:14:20,Green Pastures Hospital,Application issue,Wholebody Phototherapy,Application,#1624767,N/A,N/A,
2024-12-27 20:05:08,Green Pastures Hospital,pms of the machine,Wholebody Phototherapy,PMS,#1733884011,N/A,N/A,
2024-12-12 17:42:42,Green Pastures Hospital,time mode not working,Wholebody Phototherapy,Break Down Calls,#1733883921,N/A,N/A,
2025-11-24 15:24:17,Green Pastures Hospital,UV bulb not working,Wholebody Phototherapy,Break Down Call (On Site),#1733885638,Binita Paudel,N/A,
2024-11-07 18:19:53,Helping Hands Community Hospital,AMC discussion,BA400,AMC Proposal,#2303532,Prabhakar Neupane,N/A,
2024-12-01 15:31:06,Helping Hands Community Hospital,Sample arm movement issue,BA400,OnSite Visit,#9675564,N/A,"NishenAdhikari,",
2024-06-17 14:24:58,Helping Hands Community Hospital,UIBC setup,BA400,Break Down Calls,#5591027,Sneha,N/A,
2024-05-09 10:27:45,Helping Hands Community Hospital,Sample arm fluidic obstruction,BA400,Break Down Calls,#3702599,Web Trading Concern Pvt. Ltd.,N/A,
2025-02-06 16:47:47,Hilton Hotel - Kathmandu,chemical pump refitting,Dosing Pump,Break Down Calls,#1733884230,Sanu Kaji Tha,N/A,
2025-04-18 22:29:16,Hilton Hotel - Kathmandu,CHECK MACHINE,Dosing Pump,Break Down Calls,#1733884599,Sanu Kaji Tha,N/A,
2025-09-28 14:17:45,Himalaya Diagnostic & Polyclinic Pvt. Ltd.,ISTAR500-PMS,iStar 500,PMS,#1733885435,Pradip Baral,N/A,
2025-09-24 12:29:07,Himalaya Diagnostic & Polyclinic Pvt. Ltd.,Vertical Cone Issue,iStar 500,Break Down Call (On Call),#1733885408,Sneha,N/A,
2025-04-07 18:22:34,Himalaya Diagnostic & Polyclinic Pvt. Ltd.,installation of istar500,iStar 500,Installation,#1733884558,Sneha,Pradip Baral,
2025-06-25 21:23:48,Himalaya Diagnostic & Polyclinic Pvt. Ltd.,pms of the machine,iStar 500,PMS,#1733884931,Pradip Baral,N/A,
2025-05-14 20:25:29,Himalaya Diagnostic Clinic Pvt. Ltd.,ba200 home sensor issue,BA200,Break Down Calls,#1733884695,Sujan Babu Karki,N/A,
2025-03-03 09:59:46,Himalaya Diagnostic Clinic Pvt. Ltd.,PMS of the machine,BA200,PMS,#1733884390,N/A,N/A,
2026-01-28 17:29:23,Himalaya Diagnostic Clinic Pvt. Ltd.,qc setup,BA200,Break Down Call (On Site),#1733885895,Pratikshya Budhathoki,N/A,
2025-12-14 09:30:30,Himalaya Diagnostic Clinic Pvt. Ltd.,rotor overflow,BA200,Break Down Call (On Site),#1733885715,Pratikshya Budhathoki,N/A,
2026-01-13 14:25:56,Himalaya Diagnostic Clinic Pvt. Ltd.,Rotor overflow issue,BA200,Break Down Call (On Site),#1733885847,Prabhakar Neupane,N/A,
2025-03-21 22:18:32,Himalaya Diagnostic Clinic Pvt. Ltd.,home error,BA200,Break Down Calls,#1733884485,Sujan Babu Karki,N/A,
2025-03-09 20:31:54,Himalaya Diagnostic Clinic Pvt. Ltd.,ISSUE IN BA200,BA200,Break Down Calls,#1733884421,Samir Paudel,N/A,
2025-03-02 17:51:11,Himalaya Diagnostic Clinic Pvt. Ltd.,Issue in BA200,BA200,Break Down Calls,#1733884387,Abiral Dulal,N/A,
2025-02-28 17:12:36,Himalaya Diagnostic Clinic Pvt. Ltd.,problem in home of rotor,BA200,Break Down Calls,#1733884378,Abiral Dulal,N/A,
2025-04-28 17:57:22,Himalaya Diagnostic Clinic Pvt. Ltd.,stirrer error and pms,BA200,PMS,#1733884640,Sneha,N/A,
2026-05-29 09:30:06,Himalaya Diagnostic Clinic Pvt. Ltd.,belt change,BA200,Break Down Call (On Site),#1733886311,Samir Paudel,N/A,
2026-01-25 11:02:16,Himalaya Diagnostic Clinic Pvt. Ltd.,rotor home error,BA200,Break Down Call (On Site),#1733885880,Prabhakar Neupane,N/A,
2025-10-15 15:09:50,Himalaya Diagnostic Clinic Pvt. Ltd.,Stirrer Home error,BA200,Break Down Call (On Call),#1733885475,Abiral Dulal,N/A,
2024-09-22 16:46:42,Himalaya Diagnostic Clinic Pvt. Ltd.,To check machine and Baseline Error,BA200,Break Down Calls,#5936974,Samir Paudel,Sujan Babu Karki,
2024-06-27 10:25:00,Hospital of Advance Medicine & Surgery (HAMS),Buyback Proposal of old machine,NW5,Quotation,#7850305,N/A,N/A,
2024-05-24 15:38:59,Hospital of Advance Medicine & Surgery (HAMS),Inspection of NW5,NW5,N/A,#8861507,Sneha,N/A,
2026-04-29 09:43:05,Hospital of Advance Medicine & Surgery (HAMS),BD,NW5,Break Down Call (On Site),#1733886213,Sanu Kaji Tha,N/A,
2025-05-25 18:44:19,Hospital of Advance Medicine & Surgery (HAMS),bearing issues in newster,NW5,Break Down Calls,#1733884747,Sujan Babu Karki,N/A,
2025-09-04 12:59:34,Hospital of Advance Medicine & Surgery (HAMS),Breakdown,NW5,Break Down Call (On Site),#1733885287,Sujan Babu Karki,Sanu Kaji Tha,
2025-08-05 22:28:52,Hospital of Advance Medicine & Surgery (HAMS),check newster,NW5,Break Down Call (On Site),#1733885144,Sujan Babu Karki,N/A,
2024-07-22 10:57:31,Hospital of Advance Medicine & Surgery (HAMS),For Follow Up,NW5,Follow-up(Observation),#7672987,Sujan Babu Karki,N/A,
2025-02-17 17:46:30,Hospital of Advance Medicine & Surgery (HAMS),Issue in Newster,NW5,Break Down Calls,#1733884298,Samir Paudel,N/A,
2025-02-03 17:02:23,Hospital of Advance Medicine & Surgery (HAMS),issue in newster,NW5,Break Down Calls,#1733884211,Samir Paudel,N/A,
2025-11-23 11:11:09,Hospital of Advance Medicine & Surgery (HAMS),leakage and pms,NW5,Break Down Call (On Site),#1733885632,Sujan Babu Karki,N/A,
2024-11-17 15:50:30,Hospital of Advance Medicine & Surgery (HAMS),Lid blocked issue,NW5,Break Down Calls,#9568658,Samir Paudel,N/A,
2026-04-30 12:23:22,Hospital of Advance Medicine & Surgery (HAMS),machine not working,NW5,Break Down Call (On Site),#1733886230,Sanu Kaji Tha,N/A,
2026-01-16 14:38:06,Hospital of Advance Medicine & Surgery (HAMS),maintenance of machine,NW5,Break Down Call (On Site),#1733885858,Sujan Babu Karki,N/A,
2026-01-13 09:36:27,Hospital of Advance Medicine & Surgery (HAMS),maintenance of newster,NW5,Break Down Call (On Site),#1733885843,Sujan Babu Karki,Sanu Kaji Tha,
2026-05-10 15:24:30,Hospital of Advance Medicine & Surgery (HAMS),Materials Stuck,NW5,Break Down Call (On Site),#1733886254,Sujan Babu Karki,N/A,
2026-01-22 11:49:02,Hospital of Advance Medicine & Surgery (HAMS),newster check,NW5,Break Down Call (On Site),#1733885877,Samir Paudel,N/A,
2025-03-03 21:11:40,Hospital of Advance Medicine & Surgery (HAMS),newster issue,NW5,Break Down Calls,#1733884401,Sujan Babu Karki,Samir Paudel,
2024-12-27 13:10:47,Hospital of Advance Medicine & Surgery (HAMS),Newster PMS,NW5,PMS,#1733884009,Sujan Babu Karki,N/A,
2025-09-03 12:35:52,Hospital of Advance Medicine & Surgery (HAMS),newster spare change,NW5,Break Down Call (On Site),#1733885275,Sujan Babu Karki,N/A,
2024-07-23 17:15:54,Hospital of Advance Medicine & Surgery (HAMS),Newster Training,NW5,Training,#8750909,Samir Paudel,N/A,
2026-05-07 09:52:21,Hospital of Advance Medicine & Surgery (HAMS),not working,NW5,Break Down Call (On Site),#1733886244,Sanu Kaji Tha,N/A,
2024-07-16 17:34:53,Hospital of Advance Medicine & Surgery (HAMS),NW5 Maintenance,NW5,Break Down Calls,#7797618,Samir Paudel,N/A,
2024-07-15 09:39:48,Hospital of Advance Medicine & Surgery (HAMS),NW5 Maintenance,NW5,Break Down Calls,#4195732,Samir Paudel,N/A,
2025-12-28 11:24:01,Hospital of Advance Medicine & Surgery (HAMS),PMS of the machine,NW5,PMS,#1733885788,Sujan Babu Karki,N/A,
2025-05-02 18:18:43,Hospital of Advance Medicine & Surgery (HAMS),sound issue in machine,NW5,Break Down Calls,#1733884655,Samir Paudel,N/A,
2025-12-05 17:11:56,Hospital of Advance Medicine & Surgery (HAMS),user training,NW5,Break Down Call (On Site),#1733885694,Sujan Babu Karki,N/A,
2025-11-24 10:54:05,Hotel Himalaya - Lalitpur,Chemical Pump Issue,Dosing Pump,Break Down Call (On Site),#1733885635,Sanu Kaji Tha,N/A,
2024-11-29 17:37:03,Hotel Himalaya - Lalitpur,ergodisc 165 and aero 15 issue,Ergodisc 165,Break Down Calls,#1121384,Sanu Kaji Tha,N/A,
2025-05-19 17:58:24,Hotel Himalaya - Lalitpur,for aero 15 plus,Aero 15 Plus,N/A,#1733884719,Sanu Kaji Tha,N/A,
2025-01-26 17:44:22,Hotel Himalaya - Lalitpur,Installation of machine,Aero 15 Plus,Installation,#1733884177,Sanu Kaji Tha,N/A,
2025-05-27 21:48:06,Hotel Himalaya - Lalitpur,wire connect,Dosing Pump,Break Down Calls,#1733884758,Sanu Kaji Tha,N/A,
2026-05-18 14:24:41,Hotel Mechi Crown,Installation of pump,Dosing Pump,Installation,#1733886281,Sanu Kaji Tha,N/A,
2025-11-27 10:06:20,Hotel Mechi Crown,maintenance of machine,Dosing Pump,Break Down Call (On Site),#1733885646,Sanu Kaji Tha,N/A,
2024-11-17 16:14:28,Human Organ Transplant Center (HOTC),Application Issue,NKV 550,OnSite Visit,#1611016,Pratikshya Budhathoki,N/A,
2024-07-08 16:24:42,Human Organ Transplant Center (HOTC),Calcium Out of Range,i-SMART CARE 10,Break Down Calls,#9149077,Sujan Babu Karki,N/A,
2025-12-03 10:12:32,Human Organ Transplant Center (HOTC),CHECK THE MACHINE,Ergodisc 165,Break Down Call (On Site),#1733885684,Sanu Kaji Tha,N/A,
2024-09-12 15:06:38,Human Organ Transplant Center (HOTC),Clot accumulation in door,i-SMART CARE 10,Break Down Calls,#3297304,Sujan Babu Karki,Prasanna Sigdel,
2024-10-03 13:19:13,Human Organ Transplant Center (HOTC),Display Issue,i-SMART CARE 10,Break Down Calls,#3014437,Sujan Babu Karki,"PrasannaSigdel,",
2024-09-13 13:19:17,Human Organ Transplant Center (HOTC),Door issue and printer PCB,i-SMART CARE 10,Break Down Calls,#8791545,Sujan Babu Karki,Samir Paudel,
2024-06-28 15:47:00,Human Organ Transplant Center (HOTC),Glucose Slope Error & PMS,i-SMART CARE 10,Break Down Calls,#5478633,Sujan Babu Karki,N/A,PMS done Software Done and calibration done.
2025-05-29 18:17:47,Human Organ Transplant Center (HOTC),maintenance of ventilator,NKV 550,Break Down Calls,#1733884770,Samir Paudel,N/A,
2025-05-29 18:16:53,Human Organ Transplant Center (HOTC),maintenance of ventilator,NKV 550,Break Down Calls,#1733884769,Samir Paudel,N/A,
2024-11-20 12:39:46,Human Organ Transplant Center (HOTC),Parameter fluctuation,NKV 550,Break Down Calls,#3228953,Pratikshya Budhathoki,"NishenAdhikari,",
2024-06-30 14:04:17,Human Organ Transplant Center (HOTC),PMS ,NKV 550,PMS,#5888292,Sujan Babu Karki,N/A,
2024-09-13 17:32:05,Human Organ Transplant Center (HOTC),Printer PCB,i-SMART CARE 10,Break Down Calls,#3559429,Sujan Babu Karki,Prasanna Sigdel,
2024-06-30 10:02:28,Human Organ Transplant Center (HOTC),Software Update,i-SMART CARE 10,Application,#9588884,Pratikshya Budhathoki,N/A,
2024-11-20 12:40:37,Human Organ Transplant Center (HOTC),User Training of the ventilator,NKV 550,OnSite Visit,#1183142,Pratikshya Budhathoki,N/A,
2024-12-13 08:10:06,Human Organ Transplant Center (HOTC),Ventilator - PMS and Expiry ALERT !! (Batch #5),NKV 550,PMS,#1733883922,Samir Paudel,"Prasanna Sigdel,",
2024-08-07 10:16:07,Illam Hospital,"A15, optical issue",A15,Break Down Calls,#4213938,Pradip Baral,N/A,
2024-07-18 16:34:35,Infectious and Communicable Disease Hospital,Application Issue and Online Connection,NW5,Break Down Calls,#1452783,Samir Paudel,N/A,
2025-01-22 18:55:34,Infectious and Communicable Disease Hospital,device not turning on,NW5,Break Down Calls,#1733884154,N/A,N/A,
2025-03-09 20:34:35,Infectious and Communicable Disease Hospital,ISSUE IN NEWSTER,NW5,Break Down Calls,#1733884423,Sujan Babu Karki,N/A,
2025-05-18 18:25:00,Infectious and Communicable Disease Hospital,newster issue,NW5,Break Down Calls,#1733884711,Samir Paudel,N/A,
2024-12-29 18:11:00,Infectious and Communicable Disease Hospital,on site visit and training,NW5,OnSite Visit,#1733884016,N/A,N/A,
2025-06-06 14:16:12,Infectious and Communicable Disease Hospital,vapor sensor broken,NW5,Break Down Call (On Call),#1733884803,Samir Paudel,N/A,
2025-03-09 20:33:15,International Friendship Children's Hospital (IFCH),5PART ISSUE,BC5120,Break Down Calls,#1733884422,Samir Paudel,N/A,
2024-05-28 13:53:30,International Friendship Children's Hospital (IFCH),ABG -HCT Slope Error,i-SMART CARE 10,Break Down Calls,#4019871,Sneha,N/A,Calibration done multiple times then restart the analyzer again Hct error not shot out. Need new cartridge. Under observation
2025-06-20 09:57:45,International Friendship Children's Hospital (IFCH),board issue,iStar 500,Break Down Call (On Site),#1733884889,Sneha,N/A,
2025-09-05 16:45:59,International Friendship Children's Hospital (IFCH),Breakdown,iStar 500,Break Down Call (On Site),#1733885293,Sneha,N/A,
2025-07-18 10:08:04,International Friendship Children's Hospital (IFCH),Breakdown,i-SMART CARE 10,Break Down Call (On Site),#1733885044,Sneha,Prasanna Sigdel,
2025-07-18 10:07:33,International Friendship Children's Hospital (IFCH),Breakdown,iStar 500,Break Down Call (On Site),#1733885043,Sneha,N/A,
2025-06-25 10:17:13,International Friendship Children's Hospital (IFCH),Breakdown,BTS350,Break Down Call (On Site),#1733884927,Sneha,N/A,
2024-07-10 13:00:58,International Friendship Children's Hospital (IFCH),Calcium Out of Range,i-SMART CARE 10,Break Down Calls,#8656547,Pratikshya Budhathoki,N/A,
2024-07-11 17:41:55,International Friendship Children's Hospital (IFCH),Calcium Slope Error,i-SMART CARE 10,Break Down Calls,#8790075,Sujan Babu Karki,N/A,
2024-07-31 15:43:44,International Friendship Children's Hospital (IFCH),Calibration Issue,i-SMART CARE 10,Application,#2849788,Pratikshya Budhathoki,N/A,
2025-11-18 12:48:58,International Friendship Children's Hospital (IFCH),Caraousel Issue,iStar 500,Break Down Call (On Site),#1733885606,Sneha,N/A,
2025-04-15 17:55:37,International Friendship Children's Hospital (IFCH),control and calibrator setup,iStar 500,Break Down Calls,#1733884582,Samir Paudel,N/A,
2024-11-21 15:39:41,International Friendship Children's Hospital (IFCH),Diluent Issue,BC5120,Break Down Calls,#8057362,N/A,N/A,
2025-06-16 11:30:26,International Friendship Children's Hospital (IFCH),fan module test,i-SMART CARE 10,Break Down Call (On Call),#1733884856,Prabhakar Neupane,N/A,
2025-04-28 17:53:51,International Friendship Children's Hospital (IFCH),FT4 FAIL,iStar 500,Break Down Calls,#1733884636,Sneha,N/A,
2025-08-07 14:16:06,International Friendship Children's Hospital (IFCH),ground check,iStar 500,Break Down Call (On Site),#1733885159,Sujan Babu Karki,Sneha Munankami,
2025-03-28 21:49:49,International Friendship Children's Hospital (IFCH),installation of istar500,iStar 500,Installation,#1733884529,Sneha,N/A,
2025-06-11 18:21:59,International Friendship Children's Hospital (IFCH),iron reagent setup,BTS350,Break Down Call (On Site),#1733884837,Sneha,N/A,
2024-08-30 12:18:37,International Friendship Children's Hospital (IFCH),Issue in Coulter,BC5120,Break Down Calls,#7082072,N/A,N/A,
2025-07-30 21:50:52,International Friendship Children's Hospital (IFCH),magnetic clot,iStar 500,Break Down Call (On Call),#1733885114,Sneha,N/A,
2026-01-20 13:26:28,International Friendship Children's Hospital (IFCH),MAGNETIC Needle clot,iStar 500,Break Down Call (On Site),#1733885871,Sneha,Pratikshya Budhathoki,
2025-10-12 10:16:22,International Friendship Children's Hospital (IFCH),PMS,iStar 500,PMS,#1733885463,Sneha,N/A,
2025-08-08 09:56:20,International Friendship Children's Hospital (IFCH),pms of hematology,BC5120,PMS,#1733885161,Sujan Babu Karki,Sneha Munankami,
2025-08-08 09:55:34,International Friendship Children's Hospital (IFCH),pms of i-SMART CARE 10,i-SMART CARE 10,PMS,#1733885160,Sujan Babu Karki,Sneha Munankami,
2025-04-18 22:32:39,International Friendship Children's Hospital (IFCH),pms of machine,i-SMART CARE 10,PMS,#1733884602,Sneha,N/A,
2025-06-25 10:18:34,International Friendship Children's Hospital (IFCH),PMS of the machine,iStar 500,PMS,#1733884928,Sneha,N/A,
2024-11-08 09:47:52,International Friendship Children's Hospital (IFCH),PMS of the machine,i-SMART CARE 10,PMS,#2326321,Samir Paudel,Prasanna Sigdel,
2025-07-01 22:15:51,International Friendship Children's Hospital (IFCH),probe issue,iStar 500,N/A,#1733884955,Sneha,N/A,
2026-05-05 09:24:52,International Friendship Children's Hospital (IFCH),pump head change,iStar 500,Break Down Call (On Site),#1733886235,Sneha,N/A,
2025-07-02 18:26:06,International Friendship Children's Hospital (IFCH),run calibration,iStar 500,Break Down Call (On Site),#1733884962,Sneha,N/A,
2025-07-21 16:19:07,International Friendship Children's Hospital (IFCH),sample probe check,iStar 500,Break Down Call (On Site),#1733885059,N/A,Sneha Munankami,
2025-02-11 21:17:26,International Friendship Children's Hospital (IFCH),software update,i-SMART CARE 10,Break Down Calls,#1733884259,Sneha,N/A,
2024-07-01 12:40:10,International Friendship Children's Hospital (IFCH),Software Update,i-SMART CARE 10,Break Down Calls,#6517023,Pratikshya Budhathoki,N/A,
2024-05-12 14:26:42,International Friendship Children's Hospital (IFCH),ABG ,i-SMART CARE 10,Break Down Calls,#9813569,Sneha,N/A,cartidge and maintenance 
2025-06-01 18:14:20,International Friendship Children's Hospital (IFCH),check bts350 and reagent setup,BTS350,Break Down Calls,#1733884779,Sneha,N/A,
2025-01-28 16:49:56,International Friendship Children's Hospital (IFCH),diluent iss,BC5120,Break Down Calls,#1733884184,N/A,N/A,
2025-10-06 10:26:34,International Friendship Children's Hospital (IFCH),Leakage from Probe,BC5120,Break Down Call (On Site),#1733885447,Sneha,N/A,
2024-10-15 15:15:06,International Friendship Children's Hospital (IFCH),sample probe sensor error,BC5120,Break Down Calls,#7157101,N/A,N/A,
2025-06-29 10:55:32,Ishan Children & Women's Hospital Pvt. Ltd.,Breakdown,i-SMART 30 PRO,Break Down Call (On Site),#1733884945,Sneha,N/A,
2025-01-19 17:53:29,Ishan Children & Women's Hospital Pvt. Ltd.,Calibration failed,i-SMART 30 PRO,Break Down Calls,#1733884128,N/A,N/A,
2024-09-30 10:54:19,Ishan Children & Women's Hospital Pvt. Ltd.,Cartridge failed issue,i-SMART 30 PRO,OnSite Visit,#6754083,Prabhakar Neupane,N/A,multiple cartridge failure issue
2024-10-24 18:04:09,Ishan Children & Women's Hospital Pvt. Ltd.,cartridge issue,i-SMART 30 PRO,Break Down Calls,#5497781,Sneha,N/A,
2024-10-04 09:53:18,Ishan Children & Women's Hospital Pvt. Ltd.,Cartridge issue,i-SMART 30 PRO,Break Down Calls,#5439613,N/A,N/A,
2024-09-10 10:59:14,Ishan Children & Women's Hospital Pvt. Ltd.,Potassium Calibration Fail,i-SMART 30 PRO,Break Down Calls,#8999666,N/A,N/A,
2024-11-18 16:56:14,Ishan Children & Women's Hospital Pvt. Ltd.,sample handling procedure,i-SMART 30 PRO,OnSite Visit,#1481908,N/A,Pradeep Ghimire,
2025-01-10 17:31:43,Jyoti Diagnostic Center,background abnormal,H33s,Break Down Calls,#1733884089,Pradip Baral,N/A,
2024-11-17 11:46:27,Jyoti Diagnostic Center,Diluent Issue,H33s,Break Down Calls,#9633442,Pradip Baral,N/A,
2025-08-19 09:39:38,Jyoti Diagnostic Center,inspection of H33s,H33s,Break Down Call (On Site),#1733885211,Pradip Baral,N/A,
2024-09-04 14:33:21,Jyoti Diagnostic Center,Installation of machine,H33s,Installation,#1381644,Pradip Baral,N/A,
2025-01-22 15:39:45,Jyoti Diagnostic Center,JYOTI DIAGNOSTIC,H33s,N/A,#1733884151,N/A,N/A,
2025-05-15 19:54:39,Jyoti Diagnostic Center,pms of the machine,H33s,PMS,#1733884703,Pradip Baral,N/A,
2025-01-21 17:45:14,Jyoti Diagnostic Center,PMS of the machine,H33s,PMS,#1733884140,Pradip Baral,N/A,
2025-02-24 16:49:05,Jyoti Diagnostic Center,result high,H33s,Break Down Calls,#1733884352,Pradip Baral,N/A,
2025-06-06 17:13:40,K.R. Medical Center Pvt. Ltd.,CALIBRATION QC ISSUE,BA200,Break Down Call (On Site),#1733884809,Samir Paudel,N/A,
2025-05-25 18:45:37,K.R. Medical Center Pvt. Ltd.,issue in qc results,BA200,Break Down Calls,#1733884750,Samir Paudel,N/A,
2025-07-13 22:52:05,K.R. Medical Center Pvt. Ltd.,new qc setup,BA200,Break Down Call (On Call),#1733885018,Samir Paudel,N/A,
2026-02-03 12:11:01,K.R. Medical Center Pvt. Ltd.,PMS of the machine,BA200,PMS,#1733885924,Prabhakar Neupane,N/A,
2025-12-29 13:40:52,K.R. Medical Center Pvt. Ltd.,PMS of the machine,BA200,PMS,#1733885790,Abiral Dulal,N/A,
2025-05-14 20:28:50,K.R. Medical Center Pvt. Ltd.,pms of the machine,BA200,PMS,#1733884696,Sneha,N/A,
2024-11-10 15:28:00,K.R. Medical Center Pvt. Ltd.,PMS of the machine,BA200,PMS,#2919351,N/A,"SamirPaudel,",
2026-01-26 12:32:09,K.R. Medical Center Pvt. Ltd.,rotor home error,BA200,Break Down Call (On Site),#1733885885,Prabhakar Neupane,N/A,
2025-11-28 09:31:34,K.R. Medical Center Pvt. Ltd.,rotor overflow,BA200,Break Down Call (On Site),#1733885652,Abiral Dulal,N/A,
2026-01-29 12:35:24,K.R. Medical Center Pvt. Ltd.,sensor change,BA200,Break Down Call (On Site),#1733885899,Abiral Dulal,Prabhakar Neupane,
2025-10-27 10:14:06,Kanti Children Hospital,Blade change,NW 5+,Break Down Call (On Site),#1733885513,Sujan Babu Karki,N/A,
2024-08-11 13:49:19,Kanti Children Hospital,Blade Inspection,NW 5+,Break Down Calls,#5135421,Sujan Babu Karki,N/A,
2025-08-13 11:55:37,Kanti Children Hospital,Follow up of the machine,NW 5+,Break Down Call (On Site),#1733885182,Sujan Babu Karki,N/A,
2025-10-17 10:49:03,Kanti Children Hospital,issue in machine,NW 5+,Break Down Call (On Site),#1733885492,Sujan Babu Karki,N/A,
2024-11-21 15:42:36,Kanti Children Hospital,issue in O2 sensor,NKV 550,Break Down Calls,#9245147,Pratikshya Budhathoki,"NishenAdhikari,",
2025-06-24 13:57:52,Kanti Children Hospital,Newster check,NW 5+,Break Down Call (On Site),#1733884920,Sujan Babu Karki,N/A,
2025-03-24 18:32:48,Kanti Children Hospital,newster check,NW 5+,Break Down Calls,#1733884506,Sujan Babu Karki,N/A,
2025-03-18 21:03:43,Kanti Children Hospital,newster check,NW 5+,Break Down Calls,#1733884468,Sujan Babu Karki,N/A,
2025-06-13 17:54:13,Kanti Children Hospital,oxygen sensor placement,NKV 550,Break Down Call (On Site),#1733884846,Prabhakar Neupane,Prasanna Sigdel,
2026-05-31 12:06:17,Kanti Children Hospital,PM KIT CHANGE,NKV 550,Break Down Call (On Site),#1733886317,Samir Paudel,N/A,
2026-05-29 09:31:29,Kanti Children Hospital,pm kit change,NKV 550,Break Down Call (On Site),#1733886312,Samir Paudel,N/A,
2024-06-11 14:17:27,Kanti Children Hospital,Ppeak Value High,NKV 550,Break Down Calls,#4635909,Pratikshya Budhathoki,N/A,
2024-06-10 12:02:07,Kanti Children Hospital,spare parts replacement of scrubbing Machine,Taski Swingo 755,Break Down Calls,#7339201,N/A,N/A,breakdown call was received machine spare parts was damaged 
2025-02-17 17:47:00,Kanti Children Hospital,ventilator pms,NKV 550,PMS,#1733884299,Samir Paudel,N/A,
2024-10-28 12:09:08,Kanti Children Hospital,Newster - 2nd PMS Alert !!,NW 5+,PMS,#1730096648,Sujan Babu Karki,N/A,
2024-12-04 16:33:16,Kanti Children Hospital,newster inspection,NW 5+,OnSite Visit,#1542175,Sujan Babu Karki, Samir Paudel,
2026-04-26 12:11:40,Karnali Academy of Health Science,overall  check,NW 50,Break Down Call (On Site),#1733886200,Sujan Babu Karki,Samir Paudel,
2026-04-26 12:02:45,Karnali Academy of Health Science,overall check,RVW 50,Break Down Call (On Site),#1733886199,Samir Paudel,Sujan Babu Karki,
2026-04-26 12:02:45,Karnali Academy of Health Science,overall check,RTD 30,Break Down Call (On Site),#1733886199,Samir Paudel,Sujan Babu Karki,
2026-04-26 11:59:35,Karnali Academy of Health Science,slope error,i-SMART 30 PRO,Break Down Call (On Site),#1733886198,Samir Paudel,Array,
2025-09-24 13:01:13,Karnali Academy of Health Science,Cartridge issue,i-SMART 30 PRO,Break Down Call (On Call),#1733885414,Sneha,N/A,
2025-02-10 16:09:23,Karnali Academy of Health Science,check ismart 30pro,i-SMART 30 PRO,OnSite Visit,#1733884250,Sujan Babu Karki,Samir Paudel,
2025-01-23 17:49:58,Karnali Academy of Health Science,hatch opening issue,NW 50,Break Down Calls,#1733884162,Samir Paudel,N/A,
2025-01-19 08:44:06,Karnali Academy of Health Science,Newster - PMS and Expiry Alert !! (Batch #7),NW 50,PMS,#1733884124,Samir Paudel,"Sujan Babu Karki,",
2024-12-06 16:30:14,Karnali Academy of Health Science,vapor temperature issue,NW 50,Break Down Calls,#4685336,Samir Paudel,N/A,
2024-10-08 17:43:29,Karnali Academy of Health Science,Installation of machine,i-SMART 30 PRO,Installation,#5285401,Prabhakar Neupane,N/A,
2026-01-18 17:31:02,Kasthamandap Healthcare Center Pvt. Ltd.,board change,Z50,Break Down Call (On Site),#1733885865,Abiral Dulal,N/A,
2025-12-31 10:44:04,Kasthamandap Healthcare Center Pvt. Ltd.,Breakdown,Z50,Break Down Call (On Site),#1733885796,Sujan Babu Karki,Pratikshya Budhathoki,
2026-01-07 14:01:58,Kasthamandap Healthcare Center Pvt. Ltd.,fan change,Z50,Break Down Call (On Site),#1733885824,Pratikshya Budhathoki,N/A,
2026-01-01 12:17:31,Kasthamandap Healthcare Center Pvt. Ltd.,FAN ISSUE,Z50,Break Down Call (On Site),#1733885801,Prabhakar Neupane,N/A,
2026-05-17 10:36:25,Kasthamandap Healthcare Center Pvt. Ltd.,Fan Modulation,Z50,Break Down Call (On Site),#1733886277,Sneha,N/A,
2026-01-11 17:39:57,Kasthamandap Healthcare Center Pvt. Ltd.,fan module change,Z50,Break Down Call (On Site),#1733885841,Prabhakar Neupane,N/A,
2026-01-11 12:20:20,Kasthamandap Healthcare Center Pvt. Ltd.,fan module issue,Z50,Break Down Call (On Site),#1733885838,Prabhakar Neupane,N/A,
2026-01-08 17:45:07,Kasthamandap Healthcare Center Pvt. Ltd.,fan module issue,Z50,Break Down Call (On Site),#1733885829,Pratikshya Budhathoki,N/A,
2025-12-02 11:31:15,Kasthamandap Healthcare Center Pvt. Ltd.,PMS of the machine,BA200,PMS,#1733885680,Abiral Dulal,N/A,
2025-02-09 10:54:50,Kasthamandap Healthcare Center Pvt. Ltd.,PMS of the machine,BA200,PMS,#1733884242,Sneha,N/A,
2024-09-26 15:10:18,Kasthamandap Healthcare Center Pvt. Ltd.,PMS of the machine,Z50,Break Down Calls,#5082512,Samir Paudel,N/A,
2024-09-24 14:21:38,Kasthamandap Healthcare Center Pvt. Ltd.,PMS of the machine,BA200,PMS,#5340655,N/A,N/A,
2025-11-28 09:32:48,Kasthamandap Healthcare Center Pvt. Ltd.,power supply issue,Z50,Break Down Call (On Site),#1733885654,Abiral Dulal,N/A,
2026-02-01 17:36:09,Kasthamandap Healthcare Center Pvt. Ltd.,qc issue,BA200,Break Down Call (On Site),#1733885916,Samir Paudel,N/A,
2025-04-21 21:52:42,Kasthamandap Healthcare Center Pvt. Ltd.,rotor overflow,BA200,N/A,#1733884611,Sneha,N/A,
2025-08-08 11:24:32,Kasthamandap Healthcare Center Pvt. Ltd.,TG issue in BA 200,BA200,Break Down Call (On Site),#1733885162,Sujan Babu Karki,N/A,
2025-07-01 22:14:29,Kasthamandap Healthcare Center Pvt. Ltd.,triglyceride issue,BA200,Break Down Call (On Site),#1733884952,Abiral Dulal,N/A,
2024-11-17 10:46:07,Kasthamandap Healthcare Center Pvt. Ltd.,PMS of BA200 at Kasthamandap Health Care Center Pvt. Ltd.,BA200,N/A,#1731819667,Abiral Dulal,N/A,
2026-01-26 19:08:50,Khaireni nagar aspatal,ADA PROGRAM,BA200,Break Down Call (On Call),#1733885888,Ashish Pathak,N/A,
2024-08-13 11:32:54,Khaireni nagar aspatal,ADA setup,BA200,Break Down Calls,#5193921,Ashish Pathak,N/A,
2025-06-09 20:46:04,Khaireni nagar aspatal,pms of ba200,BA200,Break Down Call (On Site),#1733884824,Ashish Pathak,N/A,
2025-06-09 20:46:04,Khaireni nagar aspatal,PMS OF EXZ6000,EXZ6000,Break Down Call (On Site),#1733884824,Ashish Pathak,N/A,
2025-04-29 17:56:11,Khaireni nagar aspatal,software issue,BA200,PMS,#1733884644,Ashish Pathak,N/A,
2024-10-30 17:39:42,KIOCH - Damak Children's Hospital,control out of range,BA200,Break Down Calls,#9465819,Pradip Baral,N/A,
2024-12-26 14:56:48,KIOCH - Damak Children's Hospital,Follow up of the machine,BA200,OnSite Visit,#1733884001,Pradip Baral,N/A,
2025-07-04 22:58:18,KIOCH - Damak Children's Hospital,inspection of BA200,BA200,Break Down Call (On Site),#1733884974,Pradip Baral,N/A,
2025-07-22 22:24:36,KIOCH - Damak Children's Hospital,issue bilrubin and gpt,BA200,Break Down Call (On Site),#1733885066,Pradip Baral,N/A,
2024-11-19 16:57:51,KIOCH - Damak Children's Hospital,Photometric issue,BA200,Break Down Calls,#7587211,Pradip Baral,N/A,
2024-12-02 14:01:18,KIOCH - Damak Children's Hospital,Result fluctuation,BA200,Break Down Calls,#8055880,Pradip Baral,N/A,
2024-12-25 14:08:05,Kirnetar Health Center,H33s observation,H33s,OnSite Visit,#1733883992,N/A,N/A,
2024-07-03 16:24:48,Kuleshwor Polyclinic Pvt. Ltd.,Software Update,BA200,Break Down Calls,#3155187,Prabhakar Neupane,N/A,
2025-03-16 10:12:52,Kuleshwor Polyclinic Pvt. Ltd.,baseline rejection,BA200,Break Down Calls,#1733884444,Samir Paudel,N/A,
2026-05-06 16:54:28,Kuleshwor Polyclinic Pvt. Ltd.,bd,BA200,Break Down Call (On Site),#1733886241,Sneha,N/A,
2025-07-06 13:25:51,Kuleshwor Polyclinic Pvt. Ltd.,Breakdown,BA200,Break Down Call (On Call),#1733884978,Sneha,N/A,
2025-01-30 17:23:39,Kuleshwor Polyclinic Pvt. Ltd.,control setup,BA200,Break Down Calls,#1733884196,Sneha,N/A,
2024-11-08 09:50:36,Kuleshwor Polyclinic Pvt. Ltd.,Creatinine Issue,BA200,Break Down Calls,#1913719,Samir Paudel,N/A,
2024-10-21 17:27:16,Kuleshwor Polyclinic Pvt. Ltd.,issue in wash station sensor,BA200,Break Down Calls,#2301112,N/A,N/A,
2025-06-13 17:42:43,Kuleshwor Polyclinic Pvt. Ltd.,machine shift and operation,BA200,Break Down Call (On Site),#1733884845,Sujan Babu Karki,N/A,
2024-07-11 16:24:05,Kuleshwor Polyclinic Pvt. Ltd.,PMS,BA200,PMS,#3350629,Samir Paudel,N/A,
2025-11-30 14:39:56,Kuleshwor Polyclinic Pvt. Ltd.,PMS of the machine,BA200,PMS,#1733885666,Sneha,N/A,
2026-05-18 14:26:39,Kuleshwor Polyclinic Pvt. Ltd.,Pump Bypass,BA200,Break Down Call (On Site),#1733886282,Sneha,N/A,
2025-07-01 22:15:27,Kuleshwor Polyclinic Pvt. Ltd.,qc issue,BA200,Break Down Call (On Site),#1733884954,Sneha,N/A,
2025-07-25 20:35:18,Kuleshwor Polyclinic Pvt. Ltd.,qc result issue,BA200,Break Down Call (On Site),#1733885082,Sneha,N/A,
2024-12-03 16:25:51,Kuleshwor Polyclinic Pvt. Ltd.,Result fluctuation,BA200,Break Down Calls,#8633010,Abiral Dulal, Anu Shrestha,
2025-02-10 21:24:15,Kuleshwor Polyclinic Pvt. Ltd.,rotor issue,BA200,Break Down Calls,#1733884251,Abiral Dulal,N/A,
2025-01-23 17:11:34,Kuleshwor Polyclinic Pvt. Ltd.,Rotor overflow issue,BA200,Break Down Calls,#1733884157,Samir Paudel,N/A,
2024-10-01 10:46:55,Kuleshwor Polyclinic Pvt. Ltd.,Rotor Rejection,BA200,OnSite Visit,#8031320,Samir Paudel,Nishen Adhikari,
2024-09-19 13:13:10,Kuleshwor Polyclinic Pvt. Ltd.,Stirrer home sensor error,BA200,Break Down Calls,#3746651,Sujan Babu Karki,"Nishen Adhikari,",
2024-08-29 17:11:33,Kuleshwor Polyclinic Pvt. Ltd.,Stirrer Home sensor Error,BA200,Break Down Calls,#8038240,Prabhakar Neupane,"Nishen Adhikari,",
2026-06-01 17:27:06,Kuleshwor Polyclinic Pvt. Ltd.,WATER LEAKAGE,BA200,Break Down Call (On Site),#1733886323,Abiral Dulal,N/A,
2025-12-25 10:09:08,Kuleshwor Polyclinic Pvt. Ltd.,water tank limit,BA200,Break Down Call (On Site),#1733885765,Abiral Dulal,N/A,
2025-12-14 13:26:57,Kuleshwor Polyclinic Pvt. Ltd.,water tank limit,BA200,Break Down Call (On Site),#1733885721,Abiral Dulal,N/A,
2025-12-09 09:41:12,Kuleshwor Polyclinic Pvt. Ltd.,water tank limit,BA200,Break Down Call (On Site),#1733885699,Sneha,N/A,
2025-01-27 16:53:14,Kuleshwor Polyclinic Pvt. Ltd.,Water tank limit issue,BA200,Break Down Calls,#1733884180,Abiral Dulal,N/A,
2024-09-25 14:31:06,Kuleshwor Polyclinic Pvt. Ltd.,Installation of the machine,BA200,Installation,#6734794,Samir Paudel,"NishenAdhikari,",
2025-12-18 14:01:49,Lalupate Medical Center Pvt. Ltd.,Application Issue,BA200,Break Down Call (On Call),#1733885741,Pratikshya Budhathoki,N/A,
2026-02-06 10:29:54,Lalupate Medical Center Pvt. Ltd.,bilrubin qc issue,BA200,Break Down Call (On Call),#1733885936,Pratikshya Budhathoki,N/A,
2025-06-15 12:30:32,Lalupate Medical Center Pvt. Ltd.,fridge issue,BA200,Break Down Call (On Site),#1733884850,Prabhakar Neupane,N/A,
2024-05-08 10:52:40,Lalupate Medical Center Pvt. Ltd.,Issue in power supply board,BA200,Break Down Calls,#2642954,N/A,N/A,need to solve the issue within a month. The details of the spare part has been forwarded to the company for warranty claim. Case number:- 00055905
2025-07-30 21:51:31,Lalupate Medical Center Pvt. Ltd.,issue in result,BA200,Break Down Call (On Call),#1733885115,Sneha,N/A,
2025-06-03 16:45:25,Lalupate Medical Center Pvt. Ltd.,PMS OF BA200,BA200,PMS,#1733884786,Samir Paudel,N/A,
2025-12-26 13:10:41,Lalupate Medical Center Pvt. Ltd.,PMs of the machine,BA200,PMS,#1733885783,Pratikshya Budhathoki,Sneha Munankami,
2025-11-06 15:59:26,Lalupate Medical Center Pvt. Ltd.,PMS of the machine,BA200,PMS,#1733885563,N/A,N/A,
2025-08-14 11:07:52,Lalupate Medical Center Pvt. Ltd.,PMS of the machine,BA200,PMS,#1733885186,Abiral Dulal,N/A,
2025-02-09 10:57:41,Lalupate Medical Center Pvt. Ltd.,PMS of the machine,BA200,PMS,#1733884245,Sneha,N/A,
2024-09-27 13:05:37,Lalupate Medical Center Pvt. Ltd.,PMS of the machine,BA200,PMS,#9723983,N/A,N/A,
2026-04-26 15:21:22,Lalupate Medical Center Pvt. Ltd.,probe bent,BA200,Break Down Call (On Site),#1733886202,Prabhakar Neupane,N/A,
2026-01-29 21:56:38,Lalupate Medical Center Pvt. Ltd.,qc setup,BA200,Break Down Call (On Site),#1733885902,Pratikshya Budhathoki,N/A,
2025-07-20 14:26:28,Lalupate Medical Center Pvt. Ltd.,sample arm loss,BA200,Break Down Call (On Site),#1733885054,Prabhakar Neupane,Sneha Munankami,
2026-01-16 15:04:35,Lalupate Medical Center Pvt. Ltd.,vhange power supply,BA200,Break Down Call (On Site),#1733885859,Sneha,Pratikshya Budhathoki,
2025-01-02 16:52:11,Leprosy Mission Nepal,CLEAN FILTER ALARA,Cryocube 740hi,Break Down Calls,#1733884041,Sujan Babu Karki,N/A,
2025-11-13 11:04:17,Leprosy Mission Nepal,Installation of machine,Cryocube 740hi,Installation,#1733885595,Abiral Dulal,N/A,
2025-11-02 11:34:02,Leprosy Mission Nepal,pre installation visit,Cryocube 740hi,Pre Installation,#1733885543,Abiral Dulal,Sanu Kaji Tha,
2025-08-14 11:21:12,Letang Advance Healthcare Center,Breakdown,BTS,Break Down Call (On Site),#1733885192,Pradip Baral,N/A,
2024-10-22 17:33:43,Letang Advance Healthcare Center,flow cell issue,BTS,Break Down Calls,#2547691,Pradip Baral,N/A,
2024-11-22 14:55:15,Letang Advance Healthcare Center,HDL direct programming,BTS,Break Down Calls,#5195631,Pradip Baral,N/A,
2024-10-04 18:07:29,Letang Advance Healthcare Center,Installation of machine,BTS,Installation,#8007273,Pradip Baral,N/A,
2025-02-23 11:41:56,Letang Advance Healthcare Center,pms of bts,BTS,PMS,#1733884340,Pradip Baral,N/A,
2024-12-25 14:13:51,Letang Advance Healthcare Center,Programming of reagents,BTS,Break Down Calls,#1733883994,Pradip Baral,N/A,
2025-04-24 22:22:02,Life Line Hospital,ASPIRATION MODULE,H33s,Break Down Calls,#1733884623,Pradip Baral,N/A,
2025-06-22 20:37:58,Life Line Hospital,background abnormal,H33s,Break Down Call (On Site),#1733884904,Pradip Baral,N/A,
2024-10-16 10:49:33,Life Line Hospital,Background voltage abnormal,H33s,Break Down Calls,#7229793,Pradip Baral,N/A,
2024-11-18 12:38:24,Life Line Hospital,Diluent replacement,H33s,OnSite Visit,#3988011,Pradip Baral,N/A,
2025-04-01 17:06:06,Life Line Hospital,Hb high,H33s,Break Down Calls,#1733884540,Pradip Baral,N/A,
2024-11-18 12:46:33,Life Line Hospital,Inspection,i-SMART 30,OnSite Visit,#9615607,Pradip Baral,N/A,
2025-01-22 15:36:51,Life Line Hospital,issue in BTS350,BTS350,Break Down Calls,#1733884150,Pradip Baral,N/A,
2025-07-09 09:53:33,Life Line Hospital,issue in H33s,H33s,Break Down Call (On Site),#1733884991,Pradip Baral,N/A,
2025-03-31 16:46:51,Life Line Hospital,issue in H33s,H33s,Break Down Calls,#1733884537,Pradip Baral,N/A,
2025-02-20 17:15:24,Life Line Hospital,issue on result of ismart 30,i-SMART 30,Break Down Calls,#1733884321,Pradip Baral,N/A,
2025-11-16 14:13:54,Life Line Hospital,Issue on wbc parameter,H33s,Break Down Call (On Site),#1733885605,Pradip Baral,N/A,
2025-10-19 09:49:59,Life Line Hospital,Lift sensor replacement,H33s,Break Down Call (On Site),#1733885501,Pradip Baral,N/A,
2024-12-19 17:09:20,Life Line Hospital,Slope Error in i-SMART 30 PRO,i-SMART 30,Break Down Calls,#1733883960,Pradip Baral,N/A,
2024-09-12 12:28:47,Life Line Hospital,WBC Parameter fluctuation on results,H33s,Break Down Calls,#2760215,Pradip Baral,N/A,
2026-02-02 12:55:35,Lotus Medicare & Diagnostic Center Pvt. Ltd.,belt change,BA200,Break Down Call (On Site),#1733885918,Abiral Dulal,Prabhakar Neupane,
2025-09-05 16:50:41,Lotus Medicare & Diagnostic Center Pvt. Ltd.,Breakdown,BA200,Break Down Call (On Site),#1733885294,Sneha,N/A,
2025-08-13 11:53:38,Lotus Medicare & Diagnostic Center Pvt. Ltd.,Breakdown,BA200,Break Down Call (On Call),#1733885180,Abiral Dulal,N/A,
2024-12-17 17:18:20,Lotus Medicare & Diagnostic Center Pvt. Ltd.,factor abnormal,BA200,Break Down Calls,#1733883950,N/A,N/A,
2025-12-18 14:56:02,Lotus Medicare & Diagnostic Center Pvt. Ltd.,home sensor change,BA200,Break Down Call (On Site),#1733885742,Sneha,Pratikshya Budhathoki,
2025-05-20 22:01:12,Lotus Medicare & Diagnostic Center Pvt. Ltd.,PMS of ba200,BA200,PMS,#1733884723,Samir Paudel,N/A,
2025-11-28 09:32:01,Lotus Medicare & Diagnostic Center Pvt. Ltd.,PMS of the machine,BA200,PMS,#1733885653,Samir Paudel,Abiral Dulal,
2025-03-16 14:35:50,Lotus Medicare & Diagnostic Center Pvt. Ltd.,PMS of the machine,BA200,PMS,#1733884452,Samir Paudel,N/A,
2024-11-21 15:40:15,Lotus Medicare & Diagnostic Center Pvt. Ltd.,Result Abnormal,BA200,OnSite Visit,#5656291,N/A,N/A,
2025-08-12 17:24:29,Lotus Medicare & Diagnostic Center Pvt. Ltd.,sample play not working,BA200,Break Down Call (On Call),#1733885173,Sneha,N/A,
2025-12-19 13:07:32,Lotus Medicare & Diagnostic Center Pvt. Ltd.,vertical home sensor issue,BA200,Break Down Call (On Site),#1733885745,Abiral Dulal,Pratikshya Budhathoki,
2024-06-12 16:24:00,Madhyapur Path Lab,AMC discussion ,Liaison,AMC Proposal,#6138358,Sujan Babu Karki,N/A,Submit the AMC proposal along with service charge and Delivery Note  of sensor replacement
2024-08-07 17:33:38,Madhyapur Path Lab,Breakage of Y- toothed belt,Liaison,Break Down Calls,#3441399,N/A,N/A,
2025-09-05 16:43:25,Madhyapur Path Lab,Breakdown,Liaison,Break Down Call (On Site),#1733885291,Abiral Dulal,Sujan Babu Karki,
2025-09-04 12:52:49,Madhyapur Path Lab,Breakdown,Liaison,Break Down Call (On Site),#1733885284,Abiral Dulal,N/A,
2024-06-04 17:04:14,Madhyapur Path Lab,Chamber transport issue in Liaison,Liaison,Break Down Calls,#4795234,Prabhakar Neupane,N/A,
2025-06-06 10:37:09,Madhyapur Path Lab,check machine,Liaison,Break Down Call (On Site),#1733884801,Sujan Babu Karki,N/A,
2025-11-28 16:56:02,Madhyapur Path Lab,issue in Liaison,Liaison,Break Down Call (On Site),#1733885659,Abiral Dulal,Sujan Babu Karki,
2025-09-03 12:33:35,Madhyapur Path Lab,issue in Liaison,Liaison,Break Down Call (On Site),#1733885274,Abiral Dulal,Sneha Munankami,
2025-03-09 20:31:14,Madhyapur Path Lab,ISSUE IN Liaison,Liaison,Break Down Calls,#1733884420,Prabhakar Neupane,N/A,
2024-08-25 16:11:24,Madhyapur Path Lab,Issue in Liaison,Liaison,Break Down Calls,#5084298,Sujan Babu Karki,"Nishen Adhikari,",
2025-08-21 16:05:52,Madhyapur Path Lab,issue in machine,Liaison,Break Down Call (On Site),#1733885231,Samir Paudel,N/A,
2025-01-12 14:11:27,Madhyapur Path Lab,Liaison ISSUE,Liaison,Break Down Call (On Site),#1733884096,Prabhakar Neupane,N/A,
2026-05-19 14:44:12,Madhyapur Path Lab,Liaison machine break down (Belt issue),Liaison,Break Down Call (On Site),#1733886286,Samir Paudel,N/A,
2024-05-30 09:56:31,Madhyapur Path Lab,Light check and incubator error ,Liaison,Break Down Calls,#7804095,Sneha,N/A,
2025-07-10 17:54:16,Madhyapur Path Lab,light check issue,Liaison,Break Down Call (On Site),#1733885004,Sujan Babu Karki,N/A,
2025-09-02 16:59:23,Madhyapur Path Lab,OPEN LOOP ERROR,Liaison,Break Down Call (On Site),#1733885264,Abiral Dulal,N/A,
2024-11-14 11:19:04,Madhyapur Path Lab,Payment Issue,Liaison,OnSite Visit,#1587312,Sujan Babu Karki,N/A,
2026-01-05 19:36:29,Madhyapur Path Lab,pusher issue,Liaison,Break Down Call (On Site),#1733885813,Abiral Dulal,Pratikshya Budhathoki,
2025-09-28 15:19:18,Madhyapur Path Lab,Pusher sensor issue,Liaison,Break Down Call (On Site),#1733885442,Samir Paudel,N/A,
2025-12-25 10:10:19,Madhyapur Path Lab,Result fluctuation,Liaison,Break Down Call (On Call),#1733885768,Samir Paudel,N/A,
2026-02-01 12:12:15,Madhyapur Path Lab,Result issue,Liaison,Break Down Call (On Site),#1733885910,Prabhakar Neupane,N/A,
2026-01-09 17:59:42,Madhyapur Path Lab,RESULT ISSUE,Liaison,Break Down Call (On Site),#1733885833,Samir Paudel,Sujan Babu Karki,
2026-01-08 17:45:34,Madhyapur Path Lab,result issue,Liaison,Break Down Call (On Site),#1733885830,Samir Paudel,N/A,
2025-09-25 11:40:31,Madhyapur Path Lab,Result Issue,Liaison,Break Down Call (On Site),#1733885419,Samir Paudel,N/A,
2025-09-01 09:27:39,Madhyapur Path Lab,result issue,Liaison,Break Down Call (On Site),#1733885257,Sujan Babu Karki,N/A,
2026-01-28 14:03:12,Madhyapur Path Lab,rlu issue,Liaison,Break Down Call (On Site),#1733885893,Prabhakar Neupane,N/A,
2026-01-01 17:39:48,Madhyapur Path Lab,rlu issue,Liaison,Break Down Call (On Site),#1733885803,Sujan Babu Karki,Prabhakar Neupane,
2024-09-11 12:27:08,Madhyapur Path Lab,RLU issue,Liaison,Break Down Calls,#2842072,Prabhakar Neupane,N/A,
2025-12-25 11:45:53,Madhyapur Path Lab,rlu value high,Liaison,Break Down Call (On Site),#1733885773,Abiral Dulal,Prabhakar Neupane,
2026-01-11 17:39:18,Madhyapur Path Lab,rlu value issue,Liaison,Break Down Call (On Site),#1733885840,Samir Paudel,N/A,
2026-01-04 13:12:14,Madhyapur Path Lab,temperature issue,Liaison,Break Down Call (On Call),#1733885810,Samir Paudel,N/A,
2025-09-22 15:50:10,Madhyapur Path Lab,Temperature Issue,Liaison,Break Down Call (On Site),#1733885391,Sujan Babu Karki,N/A,
2025-06-08 13:20:51,Madhyapur Path Lab,Y-toothed belt replacement,Liaison,Break Down Call (On Site),#1733884816,Prabhakar Neupane,Sujan Babu Karki,
2024-09-26 14:46:17,Madhyapur Path Lab,Issue with y belt,Liaison,Break Down Calls,#7558276,Prabhakar Neupane,N/A,
2025-07-16 22:00:09,Manekharka Health Center (Dhulikhel Hospital Outreach),software update,i-SMART 30 PRO,Break Down Call (On Call),#1733885038,Sneha,N/A,
2025-12-02 09:43:59,Manekharka Health Center (Dhulikhel Hospital Outreach),aperture abnormal,BC5150,Break Down Call (On Call),#1733885678,Sneha,N/A,
2024-09-19 13:31:09,Manekharka Health Center (Dhulikhel Hospital Outreach),Cartridge Issue,i-SMART 30 PRO,Break Down Calls,#2019001,Pratikshya Budhathoki,N/A,
2024-12-14 08:58:07,Manjushree Medical Center Pvt. Ltd.,BioSystems - PMS and Expiry Alert !! (3) - new tickets were raised for indiviudal customer,BA200,N/A,#1733883928,N/A,N/A,
2025-12-21 09:26:40,Manjushree Medical Center Pvt. Ltd.,encoder issue,BA200,Break Down Call (On Site),#1733885746,Samir Paudel,Prabhakar Neupane,
2025-06-17 10:29:56,Manjushree Medical Center Pvt. Ltd.,PMS of the machine,BA200,PMS,#1733884861,Prabhakar Neupane,N/A,
2025-03-16 14:35:28,Manjushree Medical Center Pvt. Ltd.,PMS of the machine,BA200,PMS,#1733884451,Sneha,N/A,
2025-12-18 14:01:08,Manjushree Medical Center Pvt. Ltd.,PMS of the machine,BA200,PMS,#1733885740,Prabhakar Neupane,N/A,
2024-07-04 17:57:23,Manmohan Cardiothoracic Vascular & Transplant Center (MCVTC),Device Check Failure,NKV 550,Break Down Calls,#8564689,N/A,N/A,
2025-11-30 12:20:15,Manmohan Cardiothoracic Vascular & Transplant Center (MCVTC),exhalation valve issue,NKV 550,Break Down Call (On Site),#1733885662,Abiral Dulal,N/A,
2025-11-02 10:49:41,Manmohan Cardiothoracic Vascular & Transplant Center (MCVTC),motor issue,ERGODISC 165,Break Down Call (On Site),#1733885540,Sanu Kaji Tha,N/A,
2025-11-27 10:27:27,Manmohan Cardiothoracic Vascular & Transplant Center (MCVTC),pm kit change,NKV 550,Break Down Call (On Site),#1733885647,Samir Paudel,Abiral Dulal,
2024-12-10 16:51:49,Manmohan Cardiothoracic Vascular & Transplant Center (MCVTC),ventilator spare change,NKV 550,Break Down Calls,#1387150,Prabhakar Neupane, Prasanna Sigdel,
2025-10-31 12:54:18,Manmohan Cardiothoracic Vascular & Transplant Center (MCVTC),Blood Stain Issue,NKV 550,Break Down Call (On Site),#1733885533,Sanu Kaji Tha,N/A,
2024-06-10 11:31:45,Manmohan Cardiothoracic Vascular & Transplant Center (MCVTC),Device Check Failure,NKV 550,Break Down Calls,#7486105,Pratikshya Budhathoki,N/A,
2024-06-10 11:30:54,Manmohan Cardiothoracic Vascular & Transplant Center (MCVTC),Device Check Failure,NKV 550,Break Down Calls,#7433545,Pratikshya Budhathoki,N/A,
2025-07-15 10:01:16,Manmohan Cardiothoracic Vascular & Transplant Center (MCVTC),Breakdown,ERGODISC 165,Break Down Call (On Call),#1733885029,Sanu Kaji Tha,N/A,
2025-07-21 16:18:35,Manmohan Cardiothoracic Vascular & Transplant Center (MCVTC),change o2 sensor,NKV 550,Break Down Call (On Site),#1733885058,Samir Paudel,Sneha Munankami,
2024-08-13 15:40:17,Manmohan Cardiothoracic Vascular & Transplant Center (MCVTC),Device Check Failure,NKV 550,Break Down Calls,#5310521,Pratikshya Budhathoki,N/A,
2024-08-13 17:35:58,Manmohan Cardiothoracic Vascular & Transplant Center (MCVTC),Flow sensor alarm,NKV 550,Break Down Calls,#2471850,N/A,N/A,
2024-08-21 16:44:24,Manmohan Cardiothoracic Vascular & Transplant Center (MCVTC),Flow sensor cable issue,NKV 550,Break Down Calls,#3970517,Pratikshya Budhathoki,N/A,
2025-07-18 18:39:13,Manmohan Cardiothoracic Vascular & Transplant Center (MCVTC),issue in ventilator oxygen sensor,NKV 550,Break Down Call (On Site),#1733885046,Samir Paudel,N/A,
2024-12-20 17:54:26,Manmohan Cardiothoracic Vascular & Transplant Center (MCVTC),PMS of the machine,NKV 550,PMS,#1733883968,Pratikshya Budhathoki,Nishen Adhikari,
2024-12-20 17:53:42,Manmohan Cardiothoracic Vascular & Transplant Center (MCVTC),PMS of the machine,NKV 550,PMS,#1733883967,Pratikshya Budhathoki,Nishen Adhikari,
2024-12-20 17:53:07,Manmohan Cardiothoracic Vascular & Transplant Center (MCVTC),pms of ventilator,NKV 550,PMS,#1733883966,Pratikshya Budhathoki,Nishen Adhikari,
2025-02-14 18:50:00,Manmohan Cardiothoracic Vascular & Transplant Center (MCVTC),system leak,NKV 550,Break Down Calls,#1733884276,Prabhakar Neupane,N/A,
2024-12-13 17:39:39,Manmohan Cardiothoracic Vascular & Transplant Center (MCVTC),VENTILATOR exhalation flow sensor cable,NKV 550,Break Down Calls,#1733883925,Prabhakar Neupane,"Prasanna Sigdel,",
2025-02-03 17:06:05,Manmohan Cardiothoracic Vascular & Transplant Center (MCVTC),Ventilator Issue,NKV 550,Break Down Calls,#1733884213,Samir Paudel,N/A,
2024-09-08 11:28:08,Manmohan Hospital - Dahachowk,Air in CAL A,Electrolyte,Break Down Calls,#5026818,N/A,N/A,
2024-09-08 11:29:30,Manmohan Hospital - Dahachowk,AMC Proposal,H33s,AMC Proposal,#9820173,N/A,N/A,
2025-06-16 11:32:38,Manmohan Hospital - Dahachowk,Follow up of the machine,i-SMART 30 PRO,N/A,#1733884857,Sujan Babu Karki,N/A,To bring the machine back to the office
2024-09-30 14:40:53,Manmohan Hospital - Dahachowk,Installation of machine,i-SMART 30 PRO,Installation,#8486429,N/A,N/A,
2024-06-30 13:58:41,Manmohan Hospital - Dahachowk,Backup Beneshphera Electrolyte,Electrolyte,Installation,#9166872,Sujan Babu Karki,N/A,
2024-06-07 17:01:58,Manmohan Hospital - Dahachowk,i smart 30 pro backup,i-SMART 30 PRO,Follow-up(Observation),#2039734,Sujan Babu Karki,N/A,Back up machine ismart pro(S.N-50330) provided to hospital after frquent issue on Bensephera electrolyte analyzer
2025-06-23 09:58:31,Manmohan Hospital - Dahachowk,Breakdown,H33s,Break Down Call (On Call),#1733884910,Sujan Babu Karki,N/A,
2024-07-23 17:20:43,Manmohan Hospital - Dahachowk,Diluent expired,H33s,Break Down Calls,#4929316,Samir Paudel,N/A,
2024-08-07 17:05:27,Manmohan Memorial Institute of Health Science (MMIHS),Abnormal bilirubin value,BTS,Application,#4937852,N/A,N/A,
2024-07-30 15:25:30,Manmohan Memorial Institute of Health Science (MMIHS),Software Update,BTS,Break Down Calls,#7015470,N/A,N/A,
2024-08-12 11:41:26,Manmohan Memorial Institute of Health Science (MMIHS),To return BTS after software update,BTS,Break Down Calls,#1705636,N/A,N/A,
2024-06-21 12:38:52,Manmohan Memorial Institute of Health Science (MMIHS),Touch Screen Issue,BTS,Break Down Calls,#8959329,Sujan Babu Karki,N/A,
2025-10-12 10:13:47,Manmohan Memorial Medical College & Teaching Hospital (MMMCTH),Calibration blocked,BA400,Break Down Call (On Call),#1733885462,Sneha,N/A,
2025-11-13 16:40:25,Manmohan Memorial Medical College & Teaching Hospital (MMMCTH),Result Issue,BA400,Break Down Call (On Call),#1733885601,Samir Paudel,N/A,
2026-05-08 09:37:27,Manmohan Memorial Medical College & Teaching Hospital (MMMCTH),wash station collision/baseline error,BA200,Break Down Call (On Site),#1733886249,Sneha,N/A,
2026-04-26 15:15:46,Manmohan Memorial Medical College & Teaching Hospital (MMMCTH),Washing solution issue,BA400,Break Down Call (On Site),#1733886201,Abiral Dulal,Sneha Munankami,
2026-06-03 14:45:16,Manmohan Memorial Medical College & Teaching Hospital (MMMCTH),rotor overflow,BA200,Break Down Call (On Site),#1733886332,Abiral Dulal,Sujan Babu Karki,
2026-05-28 10:31:41,Manmohan Memorial Medical College & Teaching Hospital (MMMCTH),Rotor overflow issue,BA200,Break Down Call (On Site),#1733886307,Abiral Dulal,N/A,
2026-06-01 17:27:33,Manmohan Memorial Medical College & Teaching Hospital (MMMCTH),rotor rejection,BA200,Break Down Call (On Site),#1733886324,Samir Paudel,N/A,
2025-12-18 10:58:54,Manmohan Memorial Medical College & Teaching Hospital (MMMCTH),Application Issue,BA400,Break Down Call (On Site),#1733885739,Samir Paudel,N/A,
2025-02-10 21:26:16,Manmohan Memorial Medical College & Teaching Hospital (MMMCTH),application issue,BA200,Break Down Calls,#1733884253,Prabhakar Neupane,N/A,
2025-02-28 11:13:58,Manmohan Memorial Medical College & Teaching Hospital (MMMCTH),ba200 thomas pump change,BA200,Break Down Calls,#1733884371,Abiral Dulal,N/A,
2024-06-09 12:17:56,Manmohan Memorial Medical College & Teaching Hospital (MMMCTH),"BA400, phosphorous result issue",BA400,Break Down Calls,#5364839,Prabhakar Neupane,N/A,"phosphorous report abnormal, TDS is zero,"
2024-12-22 08:58:05,Manmohan Memorial Medical College & Teaching Hospital (MMMCTH),BioSystems - PMS and Expiry Alert !! (5),BA200,N/A,#1733883972,Sujan Babu Karki,"Nabin Bhandari,",
2025-08-13 11:53:00,Manmohan Memorial Medical College & Teaching Hospital (MMMCTH),Breakdown,BA200,Break Down Call (On Call),#1733885179,Abiral Dulal,N/A,
2024-12-24 11:17:05,Manmohan Memorial Medical College & Teaching Hospital (MMMCTH),Fluidic obstruction,BA200,Break Down Calls,#1733883982,Sujan Babu Karki,Nabin Bhandari,
2024-12-17 17:00:01,Manmohan Memorial Medical College & Teaching Hospital (MMMCTH),Fluidic obstruction,BA200,Break Down Calls,#1733883948,Abiral Dulal,Sneha Munankami,
2025-08-24 09:30:04,Manmohan Memorial Medical College & Teaching Hospital (MMMCTH),issue in ba200,BA200,Break Down Call (On Site),#1733885236,Abiral Dulal,N/A,
2024-09-04 14:30:17,Manmohan Memorial Medical College & Teaching Hospital (MMMCTH),Issue in BA200,BA200,Break Down Calls,#6607344,Prabhakar Neupane,Sujan Babu Karki,
2025-04-17 21:20:37,Manmohan Memorial Medical College & Teaching Hospital (MMMCTH),issue in ba400,BA400,Break Down Calls,#1733884591,Prabhakar Neupane,N/A,
2026-01-13 14:25:17,Manmohan Memorial Medical College & Teaching Hospital (MMMCTH),issue in not aspirating,BA400,Break Down Call (On Site),#1733885846,Abiral Dulal,N/A,
2025-02-12 15:30:35,Manmohan Memorial Medical College & Teaching Hospital (MMMCTH),issue in pump,BA200,Break Down Calls,#1733884260,Prabhakar Neupane,"Nabin Bhandari,",
2025-12-10 16:56:53,Manmohan Memorial Medical College & Teaching Hospital (MMMCTH),pms of ba200,BA200,PMS,#1733885706,Sujan Babu Karki,Samir Paudel,
2025-08-18 09:29:15,Manmohan Memorial Medical College & Teaching Hospital (MMMCTH),PMS of BA200,BA200,PMS,#1733885201,Abiral Dulal,N/A,
2024-06-19 16:35:52,Manmohan Memorial Medical College & Teaching Hospital (MMMCTH),PMS OF BA200,BA200,PMS,#9275324,Sujan Babu Karki,N/A,
2025-12-10 16:57:21,Manmohan Memorial Medical College & Teaching Hospital (MMMCTH),PMS OF BA400,BA400,PMS,#1733885707,Samir Paudel,Sujan Babu Karki,
2025-08-18 09:29:45,Manmohan Memorial Medical College & Teaching Hospital (MMMCTH),PMS OF BA400,BA400,PMS,#1733885202,Abiral Dulal,N/A,
2024-06-19 16:29:16,Manmohan Memorial Medical College & Teaching Hospital (MMMCTH),PMS of BA400,BA400,PMS,#4258355,N/A,N/A,
2024-12-29 14:07:07,Manmohan Memorial Medical College & Teaching Hospital (MMMCTH),PMS of the machine,BA400,PMS,#1733884013,Abiral Dulal,N/A,
2025-12-31 14:26:57,Manmohan Memorial Medical College & Teaching Hospital (MMMCTH),probe bent issue,BA200,Break Down Call (On Site),#1733885799,Abiral Dulal,Sneha Munankami,
2026-01-18 12:37:21,Manmohan Memorial Medical College & Teaching Hospital (MMMCTH),pump change,BA200,Break Down Call (On Site),#1733885863,Prabhakar Neupane,Sneha Munankami,
2026-01-14 10:58:59,Manmohan Memorial Medical College & Teaching Hospital (MMMCTH),pump issue,BA400,Break Down Call (On Site),#1733885848,Abiral Dulal,N/A,
2026-01-27 10:42:17,Manmohan Memorial Medical College & Teaching Hospital (MMMCTH),result issue,BA400,Break Down Call (On Site),#1733885889,Sneha,Abiral Dulal,
2026-02-06 09:56:30,Manmohan Memorial Medical College & Teaching Hospital (MMMCTH),result issues,BA200,Break Down Call (On Site),#1733885931,Prabhakar Neupane,N/A,
2025-08-11 11:15:51,Manmohan Memorial Medical College & Teaching Hospital (MMMCTH),rotor overflow,BA200,Break Down Call (On Site),#1733885163,Abiral Dulal,N/A,
2025-04-07 08:44:48,Manmohan Memorial Medical College & Teaching Hospital (MMMCTH),rotor overflow,BA400,Break Down Calls,#1733884553,Prabhakar Neupane,Ashish Pathak,
2024-09-04 14:28:59,Manmohan Memorial Medical College & Teaching Hospital (MMMCTH),Rotor overflow issue,BA200,Break Down Calls,#4697483,Sujan Babu Karki,N/A,
2024-09-01 16:09:18,Manmohan Memorial Medical College & Teaching Hospital (MMMCTH),Rotor overflow issue,BA200,Break Down Calls,#7649730,Prabhakar Neupane,N/A,
2026-02-01 14:37:51,Manmohan Memorial Medical College & Teaching Hospital (MMMCTH),stirrer home error,BA200,Break Down Call (On Site),#1733885914,Sneha,N/A,
2024-07-29 12:29:11,Manmohan Memorial Medical College & Teaching Hospital (MMMCTH),Wash station cleaning,BA200,Break Down Calls,#9330978,Sujan Babu Karki,N/A,
2025-02-17 17:52:00,Manmohan Memorial Medical College & Teaching Hospital (MMMCTH),wash station issue,BA400,Break Down Calls,#1733884302,Abiral Dulal,N/A,
2025-02-16 17:32:42,Manmohan Memorial Medical College & Teaching Hospital (MMMCTH),wash station vertical arm error,BA200,Break Down Calls,#1733884290,Prabhakar Neupane,N/A,
2025-01-29 16:55:22,Manmohan Memorial Medical College & Teaching Hospital (MMMCTH),water leakage,BA400,Break Down Calls,#1733884191,Abiral Dulal,N/A,
2024-07-03 16:06:29,Manmohan Memorial Medical College & Teaching Hospital (MMMCTH),Water Leakage Issue,BA200,Break Down Calls,#1479794,Samir Paudel,N/A,
2025-10-28 09:39:07,Marcopolo Medical Center,baseline rejection,BA200,Break Down Call (On Call),#1733885517,Sneha,N/A,
2025-12-10 16:56:19,Marcopolo Medical Center,collision error,BA200,Break Down Call (On Site),#1733885705,Samir Paudel,N/A,
2025-05-28 14:44:05,Marcopolo Medical Center,Home sensor error,BA200,Break Down Calls,#1733884767,Prabhakar Neupane,N/A,
2025-09-19 17:12:30,Marcopolo Medical Center,HOME SENSOR ISSUE,BA200,Break Down Call (On Call),#1733885366,Abiral Dulal,N/A,
2025-06-02 14:51:09,Marcopolo Medical Center,issue in ba200,BA200,Break Down Calls,#1733884781,Sujan Babu Karki,N/A,
2025-09-23 13:47:24,Marcopolo Medical Center,PMS,BA200,PMS,#1733885395,Abiral Dulal,N/A,
2025-12-16 17:09:55,Marcopolo Medical Center,PMS of the machine,BA200,PMS,#1733885732,Sneha,Prabhakar Neupane,
2025-05-02 18:17:31,Marcopolo Medical Center,PMS of the machine,BA200,PMS,#1733884653,Prabhakar Neupane,Sneha Munankami,
2024-11-12 14:01:15,Marcopolo Medical Center,PMS of the machine,BA200,PMS,#6298970,N/A,N/A,
2024-07-30 15:26:49,Marcopolo Medical Center,Rotor change error,BA200,Break Down Calls,#6087095,N/A,N/A,
2026-01-28 14:02:54,Marcopolo Medical Center,rotor overflow,BA200,Break Down Call (On Site),#1733885892,Abiral Dulal,N/A,
2025-04-02 20:49:41,Marcopolo Medical Center,rotor overflow,BA200,Break Down Calls,#1733884547,Sneha,N/A,
2026-01-29 12:35:07,Marcopolo Medical Center,Rotor overflow issue,BA200,Break Down Call (On Site),#1733885898,Prabhakar Neupane,Abiral Dulal,
2024-08-18 14:48:47,Marcopolo Medical Center,Stirrer Home sensor,BA200,PMS,#8957475,N/A,N/A,
2025-09-04 12:57:16,Marriot Hotel,Breakdown,Dosing Pump,Break Down Call (On Site),#1733885285,Sanu Kaji Tha,N/A,
2025-11-02 10:53:16,Marriot Hotel,Chemical Pump Issue,Dosing Pump,Break Down Call (On Site),#1733885541,Sanu Kaji Tha,N/A,
2025-10-09 11:41:06,Marriot Hotel,Chemical Pump Issue,Dosing Pump,Break Down Call (On Site),#1733885455,Sanu Kaji Tha,N/A,
2025-05-21 21:55:55,Marriot Hotel,chemical pump issue,Dosing Pump,Break Down Calls,#1733884738,Sanu Kaji Tha,N/A,
2025-05-18 21:48:22,Marriot Hotel,chemical pump issue,Dosing Pump,Break Down Calls,#1733884715,Sanu Kaji Tha,N/A,
2025-06-24 13:58:12,Marriot Hotel,DF1 check,Dosing Pump,Break Down Call (On Site),#1733884921,Sanu Kaji Tha,N/A,
2024-12-04 16:37:45,Marriot Hotel,dosing pump issue,Dosing Pump,Break Down Calls,#3531899,Sanu Kaji Tha,N/A,
2025-07-18 18:43:12,Marriot Hotel,issue in chemical pump,Dosing Pump,Break Down Call (On Call),#1733885049,Sanu Kaji Tha,N/A,
2025-04-30 18:28:13,Marriot Hotel,ISSUE IN MACHINE,Dosing Pump,N/A,#1733884649,Sanu Kaji Tha,N/A,
2025-02-14 18:52:00,Marriot Hotel,issue in machine,Dosing Pump,N/A,#1733884278,Sanu Kaji Tha,N/A,
2025-01-31 17:52:39,Marriot Hotel,L5000 issue,Dosing Pump,Break Down Calls,#1733884201,Sanu Kaji Tha,N/A,
2025-06-09 20:50:54,Marriot Hotel,leakage issue,Dosing Pump,Break Down Call (On Site),#1733884829,Sanu Kaji Tha,N/A,
2025-06-04 18:14:29,Marriot Hotel,machine check,Dosing Pump,Break Down Call (On Site),#1733884791,Sanu Kaji Tha,N/A,
2025-08-12 17:25:05,Marriot Hotel,pump not working,Dosing Pump,Break Down Call (On Site),#1733885174,Sanu Kaji Tha,N/A,
2024-09-16 12:30:30,Maulakalika Hospital,Back transport issue,Liaison,Break Down Calls,#2325641,Ashish Pathak,N/A,
2024-08-14 18:01:35,Maulakalika Hospital,Back transport issue,Liaison,Break Down Calls,#3154559,Ashish Pathak,N/A,
2024-08-02 10:08:56,Maulakalika Hospital,Back transport issue,Liaison,Break Down Calls,#2415787,Ashish Pathak,N/A,
2024-09-19 17:35:09,Maulakalika Hospital,Barcode Issue,Liaison,Break Down Calls,#8922228,Ashish Pathak,N/A,
2025-05-16 22:14:42,Maulakalika Hospital,beta hcg data issue,Liaison,Break Down Calls,#1733884706,Ashish Pathak,N/A,
2024-09-05 15:10:29,Maulakalika Hospital,Chamber Lift Issue,Liaison,Break Down Calls,#2814020,Ashish Pathak,N/A,
2025-04-21 21:47:45,Maulakalika Hospital,clot in needle,Liaison,Break Down Calls,#1733884608,Ashish Pathak,N/A,
2024-12-10 14:58:59,Maulakalika Hospital,Cuvette jam issue,Liaison,Break Down Calls,#9601385,Ashish Pathak,N/A,
2024-12-05 16:44:16,Maulakalika Hospital,Ft4 calibration low results,Liaison,Break Down Calls,#9154275,Ashish Pathak,N/A,
2024-10-09 18:10:18,Maulakalika Hospital,General maintenance,Liaison,Break Down Calls,#2105262,Ashish Pathak,N/A,
2024-07-21 10:40:17,Maulakalika Hospital,Issue on wash station,Liaison,Break Down Calls,#7075632,N/A,N/A,
2025-02-02 11:35:41,Maulakalika Hospital,Liaison pms shipment,Liaison,PMS,#1733884207,Ashish Pathak,N/A,
2024-11-11 17:26:49,Maulakalika Hospital,Pipetter issue,Liaison,OnSite Visit,#2084676,Ashish Pathak,N/A,
2024-07-23 12:51:29,Maulakalika Hospital,Pipetter niddle issue,Liaison,Break Down Calls,#6907940,Ashish Pathak,N/A,
2024-09-29 14:35:53,Maulakalika Hospital,prolactin calibration issue,Liaison,OnSite Visit x UT x FollowUp x Application,#8902642,Ashish Pathak,N/A,
2025-01-02 16:55:42,Maulakalika Hospital,PUSHER CABLE ISSUE,Liaison,Break Down Calls,#1733884042,Ashish Pathak,N/A,
2025-03-03 20:50:49,Maulakalika Hospital,pusher issue,Liaison,Break Down Calls,#1733884399,Ashish Pathak,N/A,
2025-02-09 16:36:45,Maulakalika Hospital,Pusher issue,Liaison,Break Down Calls,#1733884248,Ashish Pathak,N/A,
2024-10-18 18:03:45,Maulakalika Hospital,Result issue vitamin d calibration,Liaison,Break Down Calls,#5384514,Ashish Pathak,N/A,
2024-08-09 17:36:29,Maulakalika Hospital,Results Issue,Liaison,Break Down Calls,#6700506,Ashish Pathak,N/A,
2024-11-20 12:21:50,Maulakalika Hospital,Temperature issue,Liaison,Break Down Calls,#4012051,Ashish Pathak,N/A,
2024-07-28 10:48:57,Maulakalika Hospital,Temperature issue,Liaison,Break Down Calls,#3944977,Ashish Pathak,N/A,
2025-03-13 10:48:07,Maulakalika Hospital,tsh calibration issue,Liaison,Break Down Calls,#1733884434,Ashish Pathak,N/A,
2024-08-27 12:43:25,Maulakalika Hospital,TSH calibration issue,Liaison,Break Down Calls,#5698921,Ashish Pathak,N/A,
2025-01-10 17:30:48,Maulakalika Hospital,tsh high value,Liaison,Break Down Calls,#1733884088,Ashish Pathak,N/A,
2024-12-19 16:53:11,Maulakalika Hospital,tsh value,Liaison,Break Down Calls,#1733883958,Ashish Pathak,N/A,
2025-04-17 21:21:42,Maulakalika Hospital,vitamin d calibration,Liaison,Break Down Calls,#1733884593,Ashish Pathak,N/A,
2025-03-19 18:14:24,Maulakalika Hospital,"vitamin d, tsh issue",Liaison,Break Down Calls,#1733884475,Ashish Pathak,N/A,
2025-02-24 09:53:19,Maulakalika Hospital,washer issue,Liaison,Break Down Calls,#1733884348,Ashish Pathak,N/A,
2025-02-11 21:15:49,Maulakalika Hospital,washer issue,Liaison,Break Down Calls,#1733884257,Ashish Pathak,N/A,
2024-11-17 11:45:18,Maulakalika Hospital,Washer tubes leaking,Liaison,Break Down Calls,#3455115,Ashish Pathak,N/A,
2025-06-30 18:29:35,Maulakalika Hospital,WBC Clogging,Liaison,Break Down Call (On Site),#1733884950,Ashish Pathak,N/A,
2024-09-27 18:22:17,Maulakalika Hospital,washer transport error,Liaison,BreakDownCalls,#7647911,Ashish Pathak,N/A,
2025-07-09 19:00:55,Meridian Healthcare Center Pvt. Ltd.,CALIBRATION REPORT,BA200,Office Work,#1733884996,Samir Paudel,N/A,
2025-07-10 15:40:30,Meridian Healthcare Center Pvt. Ltd.,CHOLESTROL ISSUE,BA200,N/A,#1733885003,Prabhakar Neupane,N/A,
2025-03-23 21:25:34,Meridian Healthcare Center Pvt. Ltd.,clot in sample,BA200,Break Down Calls,#1733884495,Prabhakar Neupane,N/A,
2025-01-12 18:39:26,Meridian Healthcare Center Pvt. Ltd.,machine issue,BA200,Break Down Calls,#1733884100,N/A,N/A,
2025-09-23 13:48:21,Meridian Healthcare Center Pvt. Ltd.,PMS,BA200,PMS,#1733885396,Abiral Dulal,N/A,
2026-05-29 09:33:02,Meridian Healthcare Center Pvt. Ltd.,PMS of the machine,BA200,PMS,#1733886314,Abiral Dulal,N/A,
2026-02-04 17:14:08,Meridian Healthcare Center Pvt. Ltd.,PMS of the machine,BA200,PMS,#1733885927,Abiral Dulal,Prabhakar Neupane,
2025-06-29 11:02:10,Meridian Healthcare Center Pvt. Ltd.,PMS of the machine,BA200,PMS,#1733884946,Sneha,N/A,
2025-03-16 14:35:04,Meridian Healthcare Center Pvt. Ltd.,PMS of the machine,BA200,PMS,#1733884450,Sneha,N/A,
2024-11-13 16:58:09,Meridian Healthcare Center Pvt. Ltd.,PMS of the machine,BA200,PMS,#9675496,N/A,N/A,
2025-09-02 17:05:12,Meridian Healthcare Center Pvt. Ltd.,reagent not scan,BA200,Break Down Call (On Call),#1733885268,Sneha,N/A,
2025-11-21 11:20:08,Meridian Healthcare Center Pvt. Ltd.,Urea QC issue,BA200,Break Down Call (On Call),#1733885624,Sneha,N/A,
2024-08-09 14:35:20,Meridian Multispecialty Polyclinic Pvt. Ltd.,Abnormal results,BA200,Application,#7801269,N/A,N/A,
2024-12-17 17:17:42,Meridian Multispecialty Polyclinic Pvt. Ltd.,ALP positioning issue,BA200,Break Down Calls,#1733883949,N/A,N/A,
2024-08-18 13:13:43,Meridian Multispecialty Polyclinic Pvt. Ltd.,Creatinine Issue,BA200,Break Down Calls,#3234277,N/A,N/A,
2025-05-07 17:53:13,Meridian Multispecialty Polyclinic Pvt. Ltd.,Creatinine Issue AND PROBE CHANGE,BA200,Break Down Calls,#1733884669,Samir Paudel,N/A,
2025-05-02 09:50:57,Meridian Multispecialty Polyclinic Pvt. Ltd.,creatinine result issue and PMS,BA200,PMS,#1733884652,Prabhakar Neupane,Sneha Munankami,
2025-10-13 12:24:52,Meridian Multispecialty Polyclinic Pvt. Ltd.,Follow up of the machine,BA200,Break Down Call (On Site),#1733885471,Abiral Dulal,N/A,
2026-05-25 17:00:43,Meridian Multispecialty Polyclinic Pvt. Ltd.,home error,BA200,Break Down Call (On Site),#1733886304,Sneha,N/A,
2026-05-29 09:32:27,Meridian Multispecialty Polyclinic Pvt. Ltd.,home sensor replacement,BA200,Break Down Call (On Site),#1733886313,Abiral Dulal,N/A,
2024-11-26 15:44:08,Meridian Multispecialty Polyclinic Pvt. Ltd.,PMS of BA200 at Meridian Multi Specialty Polyclinic,BA200,PMS,#1732615148,N/A,N/A,
2026-01-30 14:34:01,Meridian Multispecialty Polyclinic Pvt. Ltd.,PMS of the machine,BA200,PMS,#1733885906,Abiral Dulal,N/A,
2025-08-24 09:29:32,Meridian Multispecialty Polyclinic Pvt. Ltd.,PMS of the machine,BA200,PMS,#1733885235,Sujan Babu Karki,N/A,
2025-02-13 11:22:40,Meridian Multispecialty Polyclinic Pvt. Ltd.,PMS of the machine,BA200,PMS,#1733884265,Abiral Dulal,N/A,
2025-03-20 21:23:40,Meridian Multispecialty Polyclinic Pvt. Ltd.,probe change and creatinine result issue,BA200,Break Down Calls,#1733884479,Samir Paudel,N/A,
2025-03-28 21:49:09,Meridian Multispecialty Polyclinic Pvt. Ltd.,rotor overflow,BA200,Break Down Calls,#1733884528,Sujan Babu Karki,N/A,
2024-12-18 16:04:29,Meridian Multispecialty Polyclinic Pvt. Ltd.,sample absorbance less issue,BA200,Break Down Calls,#1733883952,N/A,N/A,
2026-02-04 12:15:19,Meridian Multispecialty Polyclinic Pvt. Ltd.,sensor issue,BA200,Break Down Call (On Site),#1733885925,Abiral Dulal,Prabhakar Neupane,
2025-12-10 16:55:59,Meridian Multispecialty Polyclinic Pvt. Ltd.,water tank limit,BA200,Break Down Call (On Site),#1733885704,Samir Paudel,N/A,
2024-05-22 12:10:02,Meridian Multispecialty Polyclinic Pvt. Ltd.,Creatinine and Urea Issue,BA200,Break Down Calls,#8910420,Sneha,N/A,
2024-06-14 11:04:11,Meridian Multispecialty Polyclinic Pvt. Ltd.,PMS OF BA200,BA200,PMS,#2306482,N/A,N/A,
2024-05-12 13:48:18,Meridian Multispecialty Polyclinic Pvt. Ltd.,QC did not pass,BA200,Break Down Calls,#2203436,Sneha,N/A,Changed the ran the  calibrator. Also ran qc and sample
2026-05-18 18:05:42,Municipal Treatment Center - Butwal SMC,Installation of machine,NW 5+,Installation,#1733886283,Sujan Babu Karki,N/A,
2025-04-16 21:15:35,Municipal Treatment Centre - Bharatpur SMC,newster install,NW 5+,Break Down Calls,#1733884588,Sujan Babu Karki,N/A,
2025-05-12 20:48:41,Municipal Treatment Centre - Dhangadhi SMC,newster install,NW 5+,Installation,#1733884685,Samir Paudel,N/A,
2025-03-05 21:00:13,Municipal Treatment Centre - Nepalgunj SMC,newster issue,NW 5+,Break Down Calls,#1733884408,Sujan Babu Karki,N/A,
2025-02-04 17:59:56,Municipal Treatment Centre - Nepalgunj SMC,PMS of the machine,NW 5+,PMS,#1733884217,Sujan Babu Karki,N/A,
2026-01-08 09:30:54,Municipal Treatment Centre - Nepalgunj SMC,pms of machine,NW 5+,Break Down Call (On Site),#1733885826,Sujan Babu Karki,N/A,
2024-09-11 12:29:10,Narayani Central Diagnostic Lab,Ast/GOT Result issue,BA400,Application,#3167396,Ashish Pathak,N/A,
2024-11-29 17:47:33,Narayani Central Diagnostic Lab,ba400 issue,BA400,Break Down Calls,#6384483,Ashish Pathak,N/A,
2025-07-20 14:25:57,Narayani Central Diagnostic Lab,Collision error,BA400,PMS,#1733885053,Ashish Pathak,N/A,
2024-09-03 13:48:52,Narayani Central Diagnostic Lab,Collision issue,BA400,Break Down Calls,#4658075,Ashish Pathak,N/A,
2025-02-07 16:38:23,Narayani Central Diagnostic Lab,Communication error,BA400,Break Down Calls,#1733884232,Ashish Pathak,N/A,
2024-10-23 17:24:05,Narayani Central Diagnostic Lab,Communication error,BA400,Break Down Calls,#5052768,Ashish Pathak,N/A,
2024-11-05 10:37:16,Narayani Central Diagnostic Lab,Communication issue,BA400,Break Down Calls,#2489361,Ashish Pathak,N/A,
2026-05-28 10:28:44,Narayani Central Diagnostic Lab,Home sensor error,BA400,PMS,#1733886305,Ashish Pathak,N/A,
2026-05-25 16:59:46,Narayani Central Diagnostic Lab,Home sensor error,BA400,PMS,#1733886302,Ashish Pathak,N/A,
2025-11-10 13:00:14,Narayani Central Diagnostic Lab,Home sensor error,BA400,Break Down Call (On Call),#1733885583,Ashish Pathak,N/A,
2026-05-24 10:17:30,Narayani Central Diagnostic Lab,Home Sensor issue,BA400,PMS,#1733886295,Ashish Pathak,N/A,
2025-07-15 18:19:26,Narayani Central Diagnostic Lab,issue in BA400,BA400,Break Down Call (On Call),#1733885031,Ashish Pathak,N/A,
2026-01-08 09:28:34,Narayani Central Diagnostic Lab,photometry error,BA400,Break Down Call (On Call),#1733885825,Ashish Pathak,N/A,
2025-11-19 12:30:48,Narayani Central Diagnostic Lab,pms,BA400,Break Down Call (On Site),#1733885613,Ashish Pathak,N/A,
2025-09-23 12:57:53,Narayani Central Diagnostic Lab,PMS BA400,BA400,PMS,#1733885394,Ashish Pathak,N/A,SN: 834000771
2025-05-02 18:18:12,Narayani Central Diagnostic Lab,PMS of the machine,BA400,PMS,#1733884654,Ashish Pathak,N/A,
2025-02-11 21:15:12,Narayani Central Diagnostic Lab,reagent rotor home error,BA400,Break Down Calls,#1733884256,Ashish Pathak,N/A,
2025-01-07 18:13:56,Narayani Central Diagnostic Lab,total protein reagent setup,BA400,Break Down Calls,#1733884071,Ashish Pathak,N/A,
2024-07-26 09:57:12,Narayani Central Diagnostic Lab,Water tank limit issue,BA400,Break Down Calls,#8042873,Ashish Pathak,N/A,
2024-07-30 15:28:33,National Path Lab - Dhangadhi,Cartridge issue,i-SMART 30 PRO,Break Down Calls,#4584342,Samir Paudel,N/A,
2025-01-28 16:48:52,National Path Lab - Dhangadhi,control fluctuation issue,i-SMART 30 PRO,Break Down Calls,#1733884183,Prabhakar Neupane,N/A,
2024-06-02 17:04:11,National Path Lab - Dhangadhi,Frequent Slope Error and fan issue,i-SMART 30 PRO,Break Down Calls,#6932199,Sneha,N/A,
2025-02-21 16:59:29,National Path Lab - Dhangadhi,guided for preanalytics,i-SMART 30 PRO,Break Down Calls,#1733884331,Prabhakar Neupane,N/A,
2024-10-04 18:15:43,National Path Lab - Dhangadhi,Issue in the machine,H33s,Break Down Calls,#4677685,Ashish Pathak,N/A,
2024-09-09 13:54:35,National Path Lab - Dhangadhi,machine do not turn on,i-SMART 30 PRO,Break Down Calls,#4501821,Sneha,N/A,
2026-02-11 09:43:49,National Path Lab - Dhangadhi,slope out of range,i-SMART 30 PRO,Break Down Call (On Call),#1733885953,Sneha,N/A,
2024-07-21 17:38:37,National Path Lab - Dhangadhi,Cartridge Issue,i-SMART 30 PRO,N/A,#7562622,Samir Paudel,N/A,
2025-08-13 17:46:06,National Path Lab - Dhangadhi,H33s background issue,H33s,Break Down Call (On Call),#1733885184,Prabhakar Neupane,N/A,
2025-09-07 17:28:56,National Path Lab - Dhangadhi,Lekage from bath,H33s,Break Down Call (On Call),#1733885301,Samir Paudel,N/A,
2024-08-05 15:27:21,National Path Lab - Dhangadhi,Platelet High,H33s,Break Down Calls,#5122479,Sujan Babu Karki,N/A,
2024-07-03 16:03:22,National Path Lab (NPL) - Butwal,Application Issue,BA200,Application,#5155604,Samir Paudel,N/A,
2025-08-01 20:43:35,National Path Lab (NPL) - Butwal,arm bent issue,BA400,Break Down Call (On Call),#1733885124,Ashish Pathak,N/A,
2024-06-25 12:52:46,National Path Lab (NPL) - Butwal,BA200 AND BA400 AMC,BA400,AMC Proposal,#8406193,Samir Paudel,N/A,
2025-07-27 22:43:33,National Path Lab (NPL) - Butwal,issue in ba400,BA400,Break Down Call (On Site),#1733885093,Ashish Pathak,N/A,
2025-07-27 22:43:09,National Path Lab (NPL) - Butwal,pms of ba200,BA200,PMS,#1733885092,Ashish Pathak,N/A,
2025-01-09 19:12:49,National Path Lab (NPL) - Butwal,PMS OF BA200,BA200,PMS,#1733884082,Ashish Pathak,N/A,
2025-05-12 20:49:45,National Path Lab (NPL) - Butwal,pms of the machine,BA200,PMS,#1733884687,Ashish Pathak,N/A,
2025-01-09 19:13:20,National Path Lab (NPL) - Butwal,pms of the machine,BA400,PMS,#1733884083,Ashish Pathak,N/A,
2024-07-03 16:04:23,National Path Lab (NPL) - Butwal,PMS of the machine,BA400,Break Down Calls,#7341317,Samir Paudel,N/A,
2024-08-12 16:03:52,National Path Lab (NPL) - Butwal,Qc issue,BA400,Break Down Calls,#1158275,Ashish Pathak,N/A,
2024-12-10 14:57:06,National Path Lab (NPL) - Butwal,QC value not in range,BA200,Break Down Calls,#8449262,N/A,N/A,
2024-09-01 10:35:59,National Path Lab (NPL) - Butwal,Reagent board not responding,BA400,Break Down Calls,#4114016,Ashish Pathak,N/A,
2024-12-26 14:49:05,National Path Lab (NPL) - Butwal,reagent probe damage,BA400,Break Down Calls,#1733883998,N/A,N/A,
2024-10-27 09:49:16,National Path Lab (NPL) - Butwal,reagent rotor home issue,BA400,OnSite Visit,#5105505,Ashish Pathak,N/A,
2024-06-11 14:11:19,National Path Lab (NPL) - Butwal,Rotor not Detected Issue,BA200,Break Down Calls,#3439168,Samir Paudel,N/A,
2024-09-15 14:49:21,National Path Lab (NPL) - Butwal,Rotor overflow,BA400,Break Down Calls,#5721524,Ashish Pathak,N/A,
2024-12-11 17:44:49,National Path Lab (NPL) - Butwal,software upate,BA200,Break Down Calls,#1733883911,N/A,Shiwam Paudel,
2025-04-23 18:01:18,National Path Lab (NPL) - Butwal,wash station collision,BA400,Break Down Calls,#1733884618,Samir Paudel,N/A,
2024-07-03 16:02:34,National Path Lab (NPL) - Butwal,Water Leakage Issue,BA200,Break Down Calls,#2053245,Samir Paudel,N/A,
2025-07-13 22:52:32,National Path Lab (NPL) - Butwal,encoder issue,BA400,Break Down Call (On Call),#1733885019,Prabhakar Neupane,N/A,
2025-06-25 21:24:23,National Path Lab (NPL) - Butwal,pms of the machine,BA400,PMS,#1733884932,Ashish Pathak,Nishen Adhikari,
2025-10-09 11:38:03,National Path Lab (NPL) - Gulmi,Gulmi- Cartridge Issue,i-SMART 30 PRO,Break Down Call (On Call),#1733885454,Sneha,N/A,
2025-06-09 20:51:44,National Path Lab (NPL) - Kathmandu,i-SMART 30 PRO display issue,i-SMART 30 PRO,N/A,#1733884830,Sneha,N/A,
2026-05-19 10:39:02,National Reference Lab,A-15 Lamp replace,BA200,Break Down Call (On Site),#1733886285,Binita Paudel,N/A,
2026-04-22 16:01:57,National Reference Laboratory (NRL) - Baneshwor,Biratnagar- Functional check for operation,Liaison XL,Break Down Call (On Site),#1733886190,Abiral Dulal,N/A,
2026-06-01 17:26:46,National Reference Laboratory (NRL) - Baneshwor,TO RUN TEST,Liaison XL,Break Down Call (On Site),#1733886322,Samir Paudel,N/A,
2026-04-27 11:20:51,National Reference Laboratory (NRL) - Baneshwor,FOLLOW UP TICKET,Liaison XL,Break Down Call (On Site),#1733886207,Abiral Dulal,Prabhakar Neupane,
2025-08-21 16:05:30,National Reference Laboratory (NRL) - Baneshwor,SPARE ASSEMBLED AND CHAECK LiaisonXL,Liaison XL,Break Down Call (On Site),#1733885230,Samir Paudel,N/A,
2024-12-31 17:09:17,National Reference Laboratory (NRL) - Biratnagar,followup of machine,i-SMART 30 PRO,OnSite Visit,#1733884024,N/A,N/A,
2026-04-22 16:03:42,National Reference Laboratory (NRL) - Biratnagar,"biratnagar- Slope error, data backup",i-SMART 30 PRO,Break Down Call (On Site),#1733886191,Abiral Dulal,N/A,
2024-12-01 16:53:40,National Reference Laboratory (NRL) - Chitwan,Failed Na Calibration,i-SMART 30 PRO,BreakDownCalls,#8917144,N/A,N/A,
2024-11-17 15:30:06,National Reference Laboratory (NRL) - Jhapa,Result fluctuation,i-SMART 30 PRO,Break Down Calls,#7058099,N/A,N/A,
2024-12-02 14:02:40,National Reference Laboratory (NRL) - Jhapa,Software Update,i-SMART 30 PRO,OnSite Visit,#9830075,N/A,N/A,
2025-09-22 09:48:37,National Reference Laboratory (NRL) - Jhapa,Result Fluctuation,i-SMART 30 PRO,Break Down Call (On Site),#1733885388,Pradip Baral,N/A,
2024-12-10 16:51:14,National Reference Laboratory (NRL) - Maharajgunj,followup of machine,i-SMART 30 PRO,OnSiteVisit,#3604581,N/A,N/A,
2024-12-06 16:28:49,National Reference Laboratory (NRL) - Maharajgunj,machine follow up,i-SMART 30 PRO,OnSiteVisit,#9505791,N/A,N/A,
2025-05-20 22:07:26,National Reference Laboratory (NRL) - Pokhara,check A15,A25,Break Down Calls,#1733884730,Samir Paudel,N/A,
2026-05-13 09:23:46,National Trauma Center,bd in ventilator,NKV 550,Break Down Call (On Site),#1733886265,Samir Paudel,N/A,
2026-05-20 15:04:40,National Trauma Center,Break Down Issue (Ventilator),NKV 550,Break Down Call (On Site),#1733886291,Pratikshya Budhathoki,N/A,
2024-07-24 13:15:29,National Trauma Center,Calibration failed,NKV 550,Break Down Calls,#2798205,Sujan Babu Karki,N/A,
2025-08-05 22:27:09,National Trauma Center,calibration issue,RVW 50,Break Down Call (On Site),#1733885143,Sujan Babu Karki,N/A,
2024-06-10 16:58:33,National Trauma Center,categorising spare parts of scrubbing machine for replacement ,Ergodisc 165,Follow-up(Observation),#3403188,N/A,N/A,for list out the spare parts of all breakdown scrubbing machine 
2024-06-10 11:33:06,National Trauma Center,Device Check Failure,NKV 550,Break Down Calls,#8420962,N/A,N/A,
2024-06-10 11:32:33,National Trauma Center,Device Check Failure,NKV 550,Break Down Calls,#9631026,Pratikshya Budhathoki,N/A,
2024-08-29 17:00:54,National Trauma Center,Display issue,RVW 50,Break Down Calls,#4234427,Sujan Babu Karki,N/A,
2025-06-22 10:09:14,National Trauma Center,drain issue,RTD 30,Break Down Call (On Site),#1733884902,Sanu Kaji Tha,N/A,
2025-06-22 10:09:14,National Trauma Center,drain issue,RVW 50,Break Down Call (On Site),#1733884902,Sanu Kaji Tha,N/A,
2025-08-01 20:45:58,National Trauma Center,installation of ergodisc 165,Ergodisc 165,Installation,#1733885127,Sanu Kaji Tha,N/A,
2025-08-01 20:46:37,National Trauma Center,installation of vacumat,Vacumat 22,Installation,#1733885128,Sanu Kaji Tha,N/A,
2025-07-29 14:21:42,National Trauma Center,issue in laundry,RVW 50,N/A,#1733885104,Sujan Babu Karki,N/A,
2024-08-21 10:42:11,National Trauma Center,Issue in washer extractor,RVW 50,Break Down Calls,#9788800,Sujan Babu Karki,N/A,
2025-07-31 14:43:58,National Trauma Center,laundry issue,RVW 50,Break Down Call (On Site),#1733885119,Sanu Kaji Tha,N/A,
2025-01-29 16:58:53,National Trauma Center,laundry spare change maintenance,RVW 50,Break Down Calls,#1733884192,Sujan Babu Karki,N/A,
2024-09-02 14:28:11,National Trauma Center,LCD Assembly replace,NKV 550,Break Down Calls,#2756874,Samir Paudel,Sujan Babu Karki,
2024-11-19 17:22:26,National Trauma Center,leak during circuit check,NKV 550,Break Down Calls,#8315554,Pratikshya Budhathoki,N/A,
2025-02-14 18:48:51,National Trauma Center,o2 sensor change,NKV 550,Break Down Calls,#1733884275,N/A,N/A,
2025-02-14 18:48:25,National Trauma Center,o2 sensor change,NKV 550,Break Down Calls,#1733884274,N/A,N/A,
2024-09-02 14:29:28,National Trauma Center,O2 sensor replace,NKV 550,Break Down Calls,#6531177,Samir Paudel,Prasanna Sigdel,
2026-04-29 13:03:45,National Trauma Center,PM Kit change,NKV 550,Break Down Call (On Site),#1733886217,Sneha,Pratikshya Budhathoki,
2024-09-06 17:32:48,National Trauma Center,PMS,RVW 50,PMS,#5785671,Sujan Babu Karki,Nishen Adhikari,
2024-08-07 18:02:48,National Trauma Center,Touch issue,NKV 550,Break Down Calls,#1922598,Pratikshya Budhathoki,"Nishen Adhikari,",
2024-07-24 13:16:07,National Trauma Center,User Training of the ventilator,NKV 550,Application,#1351987,Pratikshya Budhathoki,N/A,
2024-12-16 08:10:06,National Trauma Center,Ventilator - PMS and Expiry ALERT !! (Batch #8),NKV 550,PMS,#1733883935,Samir Paudel,N/A,
2024-12-04 16:33:58,National Trauma Center,ventilator leak issue,NKV 550,Break Down Calls,#6309256,Samir Paudel, Prasanna Sigdel,
2024-09-10 11:04:39,National Trauma Center,Washer extraction issue,RVW 50,Break Down Calls,#8843367,Samir Paudel,N/A,
2025-05-05 10:39:42,Natul Pharmacy & Clinic,background abnormal,H33s,Break Down Calls,#1733884660,Pradip Baral,N/A,
2025-11-21 11:15:31,Natul Pharmacy & Clinic,Diluent Ran Out Issue,H33s,Break Down Call (On Site),#1733885622,Pradip Baral,N/A,
2025-04-21 21:48:21,Natul Pharmacy & Clinic,installation of H33s,H33s,Installation,#1733884609,Pradip Baral,N/A,
2025-11-25 14:12:54,Natul Pharmacy & Clinic,lyse ranout issue,H33s,Break Down Call (On Site),#1733885640,Pradip Baral,N/A,
2025-05-18 18:28:21,Natul Pharmacy & Clinic,system clock issue,H33s,Break Down Calls,#1733884713,Pradip Baral,N/A,
2024-07-10 16:58:37,Nepal Orthopedic Hospital,Application Issue,BA200,Application,#1773564,Samir Paudel,N/A,
2024-11-07 17:40:42,Nepal Orthopedic Hospital,ba200 application issue,BA200,Break Down Calls,#3857984,N/A,N/A,
2025-07-01 22:17:20,Nepal Orthopedic Hospital,ba200 check visit,BA200,N/A,#1733884957,Prabhakar Neupane,N/A,
2024-10-25 17:40:26,Nepal Orthopedic Hospital,BA200 issue,BA200,Break Down Calls,#5157089,N/A,N/A,
2024-08-27 17:30:35,Nepal Orthopedic Hospital,BA200 Issue,BA200,Break Down Calls,#5312113,N/A,N/A,
2025-10-28 09:38:16,Nepal Orthopedic Hospital,collision and obstruction error,BA200,Break Down Call (On Call),#1733885516,Sneha,N/A,
2026-01-08 17:46:00,Nepal Orthopedic Hospital,fluctuation in result,BA200,Break Down Call (On Site),#1733885831,Pratikshya Budhathoki,N/A,
2025-09-24 12:33:05,Nepal Orthopedic Hospital,Fludic Ostruction,BA200,Break Down Call (On Call),#1733885412,Abiral Dulal,N/A,
2025-09-25 12:51:54,Nepal Orthopedic Hospital,Fluidic obstruction,BA200,Break Down Call (On Site),#1733885420,Abiral Dulal,N/A,
2026-01-13 09:37:10,Nepal Orthopedic Hospital,home sensor change,BA200,Break Down Call (On Site),#1733885844,Abiral Dulal,Pratikshya Budhathoki,
2024-10-21 17:22:45,Nepal Orthopedic Hospital,Home sensor error,BA200,Break Down Calls,#5693876,Sujan Babu Karki,N/A,
2025-05-25 18:47:01,Nepal Orthopedic Hospital,Issue in BA200,BA200,Break Down Calls,#1733884751,Sujan Babu Karki,N/A,
2025-01-22 18:54:10,Nepal Orthopedic Hospital,Issue in BA200,BA200,Break Down Calls,#1733884153,Prabhakar Neupane,N/A,
2024-12-30 13:38:26,Nepal Orthopedic Hospital,Issue in BA200,BA200,Break Down Calls,#1733884019,N/A,Anu Shrestha,
2025-09-01 16:58:01,Nepal Orthopedic Hospital,issue in result,BA200,Break Down Call (On Site),#1733885262,Abiral Dulal,N/A,
2026-04-27 10:42:07,Nepal Orthopedic Hospital,pms and overall check,BA200,PMS,#1733886205,Prabhakar Neupane,N/A,
2026-01-09 17:59:01,Nepal Orthopedic Hospital,PUMP NOT WORKING,BA200,Break Down Call (On Site),#1733885832,Sujan Babu Karki,Pratikshya Budhathoki,
2024-09-05 13:19:56,Nepal Orthopedic Hospital,QC AND CALIBRATION VALUE ADJUSTMENT ISSUE FOR NEW LOT,BA200,Application,#4404175,N/A,N/A,
2024-07-01 10:04:51,Nepal Orthopedic Hospital,Reaction rotor rejection error,BA200,Break Down Calls,#8757862,N/A,N/A,The new reaction rotor gets rejected within few hours
2025-11-26 11:23:01,Nepal Orthopedic Hospital,result fluctuation issue,BA200,Break Down Call (On Site),#1733885642,Samir Paudel,Abiral Dulal,
2024-08-21 16:50:38,Nepal Orthopedic Hospital,Result issue in uric acid,BA200,Application,#8654402,N/A,N/A,
2024-10-24 17:27:27,Nepal Orthopedic Hospital,sample and reagent arm abstructed,BA200,Break Down Calls,#8782650,Sujan Babu Karki,N/A,
2026-01-11 12:19:45,Nepal Orthopedic Hospital,stirrer paddle change,BA200,Break Down Call (On Site),#1733885837,Abiral Dulal,N/A,
2024-12-04 16:31:12,Nepal Orthopedic Hospital,Urea QC out of range,BA200,Break Down Calls,#5876792,N/A,N/A,
2024-09-18 11:58:30,Nepal Police Hospital,Application Issue,Liaison XL,Application,#7741354,Samir Paudel,N/A,
2025-08-24 13:15:03,Nepal Police Hospital,application issue in Liaison xl,Liaison XL,Break Down Call (On Site),#1733885238,Samir Paudel,N/A,
2025-07-15 09:56:50,Nepal Police Hospital,Breakdown,Liaison XL,Break Down Call (On Call),#1733885026,Samir Paudel,N/A,
2025-11-07 10:20:12,Nepal Police Hospital,Follow Up,Liaison XL,Break Down Call (On Site),#1733885574,Samir Paudel,N/A,
2025-04-22 22:26:44,Nepal Police Hospital,for vitaminb12 check test,Liaison XL,Break Down Calls,#1733884616,Prabhakar Neupane,N/A,
2025-07-27 14:00:25,Nepal Police Hospital,issue in Liaison xl,Liaison XL,Break Down Call (On Site),#1733885087,Samir Paudel,Nishen Adhikari,
2025-07-13 22:51:31,Nepal Police Hospital,issue in Liaison xl,Liaison XL,Break Down Call (On Site),#1733885017,Samir Paudel,N/A,
2025-07-29 14:20:19,Nepal Police Hospital,issue in Liaisonxl,Liaison XL,Break Down Call (On Site),#1733885103,Prabhakar Neupane,N/A,
2025-07-24 12:10:19,Nepal Police Hospital,issue in Liaisonxl,Liaison XL,Break Down Call (On Site),#1733885074,Samir Paudel,N/A,
2025-08-06 17:19:35,Nepal Police Hospital,issue in machine,Liaison XL,Break Down Call (On Site),#1733885153,Samir Paudel,N/A,
2024-10-22 17:34:23,Nepal Police Hospital,issue in vitb12,Liaison XL,Break Down Calls,#6604453,Samir Paudel,N/A,
2025-02-03 17:37:33,Nepal Police Hospital,left pump error,Liaison XL,Break Down Calls,#1733884214,Samir Paudel,N/A,
2025-02-11 21:16:41,Nepal Police Hospital,Liaison xl check,Liaison XL,Break Down Calls,#1733884258,Prabhakar Neupane,N/A,
2024-06-25 12:51:42,Nepal Police Hospital,Liaison XL teaching,Liaison XL,Break Down Calls,#2724269,Samir Paudel,N/A,
2025-07-07 12:40:06,Nepal Police Hospital,LIASION XL CHECK,Liaison XL,Break Down Call (On Site),#1733884986,Prabhakar Neupane,N/A,
2024-05-10 10:39:42,Nepal Police Hospital,LIS issue,Liaison XL,N/A,#9704877,Sneha,N/A,Use of Usb port to RS232 Cable for LIS connection done which solved.
2025-11-18 12:53:57,Nepal Police Hospital,LXL ASSAY SET UP,Liaison XL,Break Down Call (On Site),#1733885607,Sneha,N/A,
2024-06-27 12:26:59,Nepal Police Hospital,Mechanical error,Liaison XL,Break Down Calls,#9385317,N/A,N/A,
2025-07-30 13:48:59,Nepal Police Hospital,observation of Liaison xl,Liaison XL,Break Down Call (On Site),#1733885110,Abiral Dulal,N/A,
2025-08-01 14:24:00,Nepal Police Hospital,observation of machine,Liaison XL,Break Down Call (On Site),#1733885122,Abiral Dulal,N/A,
2025-10-29 12:51:52,Nepal Police Hospital,PM KIT,Liaison XL,Break Down Call (On Site),#1733885522,Samir Paudel,N/A,
2024-11-14 10:56:30,Nepal Police Hospital,PMS of the machine,Liaison XL,PMS,#2282801,Prabhakar Neupane,"SamirPaudel,",
2024-08-21 10:26:49,Nepal Police Hospital,QC factor out,Liaison XL,Break Down Calls,#7741073,Prabhakar Neupane,N/A,
2024-07-19 17:35:34,Nepal Police Hospital,Reagent integrity failure,Liaison XL,Break Down Calls,#1577466,Samir Paudel,N/A,
2024-09-05 13:22:56,Nepal Police Hospital,Sample integrity error,Liaison XL,Break Down Calls,#9961072,N/A,N/A,
2024-06-14 12:50:55,Nepal Police Hospital,Sample running process stops.,Liaison XL,Break Down Calls,#4095151,N/A,N/A,
2024-06-07 10:01:24,Nepal Police Hospital,Software Update,Liaison XL,Break Down Calls,#1488702,Prabhakar Neupane,N/A,
2025-04-21 18:06:08,Nepal Police Hospital,sorter movement issue,Liaison XL,Break Down Calls,#1733884605,Prabhakar Neupane,N/A,
2026-06-03 14:45:43,Nepal Police Hospital,starter setup,Liaison XL,Break Down Call (On Site),#1733886333,Samir Paudel,N/A,
2024-11-14 15:09:45,Nepal Police Hospital,Vit B12 result issue,Liaison XL,PMS,#6209304,Prabhakar Neupane,"AnuShrestha,",
2024-07-17 15:40:27,Nepal Police Hospital,Vitamin B12 Calibration Failed,Liaison XL,Break Down Calls,#4370883,Samir Paudel,N/A,
2025-04-09 21:33:29,Nepal Polytechnic Institute (Narayani Samudayik Hospital),ISSSUE IN i-SMART 30 PRO,i-SMART 30 PRO,Break Down Calls,#1733884565,Ashish Pathak,N/A,
2025-11-18 13:07:45,Nepal Polytechnic Institute (Narayani Samudayik Hospital),Slope error,i-SMART 30 PRO,Break Down Call (On Call),#1733885610,Ashish Pathak,N/A,
2025-10-13 09:39:53,Nepal Polytechnic Institute (Narayani Samudayik Hospital),Sodium Slope error,i-SMART 30 PRO,Break Down Call (On Call),#1733885470,Ashish Pathak,N/A,
2024-12-09 16:50:45,Nepal Polytechnic Institute (Narayani Samudayik Hospital),Slope Error in i-SMART 30 PRO,i-SMART 30 PRO,Break Down Calls,#4765842,Ashish Pathak,N/A,
2025-11-13 10:59:08,Neuro Cardio & Multispecialty Hospital,Follow up of the machine,Liaison,Break Down Call (On Site),#1733885592,Abiral Dulal,N/A,
2025-09-18 14:13:11,Neuro Cardio & Multispecialty Hospital,Centrifuge Board Change,Centrifuge 5702/R,Break Down Call (On Site),#1733885337,Pradip Baral,N/A,
2025-09-21 11:05:02,Neuro Cardio & Multispecialty Hospital,Centrifuge Issue,Centrifuge 5702/R,Break Down Call (On Site),#1733885379,Pradip Baral,N/A,
2025-10-19 09:57:41,Neuro Cardio & Multispecialty Hospital,Cuvette stuck,Liaison,Break Down Call (On Site),#1733885502,Pradip Baral,N/A,
2025-07-27 22:44:28,Neuro Cardio & Multispecialty Hospital,issue in ba400,BA400,Break Down Call (On Site),#1733885095,Pradip Baral,N/A,
2026-01-04 17:31:49,Neuro Cardio & Multispecialty Hospital,Liaison issue,Liaison,Break Down Call (On Site),#1733885811,Pradip Baral,N/A,
2025-02-17 17:49:35,Neuro Cardio & Multispecialty Hospital,Liaison issue,Liaison,Break Down Calls,#1733884301,Pradip Baral,N/A,
2025-11-03 16:23:00,Neuro Cardio & Multispecialty Hospital,Load cell issue and application issue,BA400,Break Down Call (On Site),#1733885550,Samir Paudel,Pradip Baral,
2026-05-11 11:34:17,Neuro Cardio & Multispecialty Hospital,Temperature Issue,Liaison XL,Break Down Call (On Site),#1733886255,Abiral Dulal,Sneha Munankami,
2025-10-17 09:49:50,Neuro Cardio & Multispecialty Hospital,washing solution bottle limit,BA400,Break Down Call (On Site),#1733885481,Pradip Baral,N/A,
2025-04-07 08:46:12,Neuro Cardio & Multispecialty Hospital,3 part issue,H33s,Break Down Calls,#1733884555,Anil Mandal,N/A,
2024-12-08 17:15:58,Neuro Cardio & Multispecialty Hospital,Application Issue,BA400,Break Down Calls,#9601719,Anil Mandal,"Pradeep Ghimire, Samir Paudel",
2025-11-30 14:38:46,Neuro Cardio & Multispecialty Hospital,backtransport error,Liaison,Break Down Call (On Site),#1733885665,Pradip Baral,N/A,
2025-11-28 16:56:55,Neuro Cardio & Multispecialty Hospital,barcode issue,BA400,Break Down Call (On Site),#1733885661,Pradip Baral,N/A,
2025-03-31 16:46:19,Neuro Cardio & Multispecialty Hospital,Barcode Issue,Liaison,Break Down Calls,#1733884536,Anil Mandal,N/A,
2026-04-22 15:59:15,Neuro Cardio & Multispecialty Hospital,Baseline rejection and result issue,BA400,Break Down Call (On Site),#1733886188,Abiral Dulal,N/A,
2026-04-22 16:00:48,Neuro Cardio & Multispecialty Hospital,Communication Error,Liaison XL,Break Down Call (On Site),#1733886189,Abiral Dulal,N/A,
2025-05-09 19:47:45,Neuro Cardio & Multispecialty Hospital,flooding issue,Liaison,Break Down Calls,#1733884672,Anil Mandal,N/A,
2026-05-08 10:07:27,Neuro Cardio & Multispecialty Hospital,follow up for LXL Temperature issue,Liaison XL,Break Down Call (On Site),#1733886252,Samir Paudel,N/A,
2025-01-21 17:50:23,Neuro Cardio & Multispecialty Hospital,Follow up of the machine,Liaison,OnSite Visit,#1733884145,Anil Mandal,N/A,
2026-02-06 10:26:23,Neuro Cardio & Multispecialty Hospital,Installation of machine lxl,Liaison XL,Installation,#1733885932,Samir Paudel,Abiral Dulal,
2025-07-27 22:44:04,Neuro Cardio & Multispecialty Hospital,ISSUE IN Liaison,Liaison,Break Down Call (On Site),#1733885094,Pradip Baral,N/A,
2025-03-20 21:23:09,Neuro Cardio & Multispecialty Hospital,ISSUE IN Liaison,Liaison,Break Down Calls,#1733884478,Anil Mandal,N/A,
2025-03-11 20:09:51,Neuro Cardio & Multispecialty Hospital,ISSUE IN Liaison,Liaison,Break Down Calls,#1733884429,Anil Mandal,N/A,
2025-03-07 17:14:43,Neuro Cardio & Multispecialty Hospital,issue in Liaison,Liaison,Break Down Calls,#1733884414,Anil Mandal,N/A,
2025-08-01 20:45:16,Neuro Cardio & Multispecialty Hospital,issue in load cell changed,BA400,Break Down Call (On Site),#1733885126,Pradip Baral,N/A,
2025-07-30 21:52:47,Neuro Cardio & Multispecialty Hospital,issue in load cell waste,BA400,Break Down Call (On Site),#1733885116,Pradip Baral,N/A,
2025-02-13 17:47:02,Neuro Cardio & Multispecialty Hospital,issue of rotor,BA400,Break Down Calls,#1733884266,Anil Mandal,N/A,
2025-06-17 19:12:21,Neuro Cardio & Multispecialty Hospital,Leakage issue,H33s,Break Down Call (On Site),#1733884867,Anil Mandal,N/A,
2025-11-28 16:56:27,Neuro Cardio & Multispecialty Hospital,Liaison issue,Liaison,Break Down Call (On Site),#1733885660,Pradip Baral,N/A,
2025-01-06 18:03:04,Neuro Cardio & Multispecialty Hospital,Liaison issue,Liaison,Break Down Calls,#1733884063,Anil Mandal,N/A,
2025-01-09 19:02:07,Neuro Cardio & Multispecialty Hospital,Liaison vibration damper change,Liaison,Break Down Calls,#1733884080,Anil Mandal,N/A,
2025-02-06 15:27:41,Neuro Cardio & Multispecialty Hospital,load cell change,BA400,Break Down Calls,#1733884227,Anil Mandal,N/A,
2025-01-17 16:43:52,Neuro Cardio & Multispecialty Hospital,load cell change,BA400,Break Down Calls,#1733884118,Anil Mandal,N/A,
2025-07-29 23:08:24,Neuro Cardio & Multispecialty Hospital,load cell issue,BA400,Break Down Call (On Site),#1733885106,Pradip Baral,N/A,
2025-01-23 17:47:18,Neuro Cardio & Multispecialty Hospital,PTH calibration error,Liaison,Break Down Calls,#1733884160,Samir Paudel,N/A,
2024-05-24 16:54:15,Neuro Cardio & Multispecialty Hospital,PTH calibration error,Liaison,Follow-up(Observation),#4573497,Prabhakar Neupane,N/A,Device: Liaison Issue: PTH calibration error
2025-07-06 13:27:42,Neuro Cardio & Multispecialty Hospital,result issue,BA400,Break Down Call (On Call),#1733884979,Samir Paudel,N/A,
2024-12-11 13:33:07,Neuro Cardio & Multispecialty Hospital,Results Issue,H33s,Break Down Calls,#5529116,Anil Mandal,N/A,
2025-12-21 12:29:22,Neuro Cardio & Multispecialty Hospital,RLU value issue,Liaison,Break Down Call (On Site),#1733885756,Pradip Baral,N/A,
2025-02-23 16:40:16,Neuro Cardio & Multispecialty Hospital,sample arm issue,BA400,Break Down Calls,#1733884341,Anil Mandal,N/A,
2024-12-15 17:33:26,Neuro Cardio & Multispecialty Hospital,Software Update,BA400,Break Down Calls,#1733883931,Anil Mandal,Samir Paudel,
2024-12-23 16:05:10,Neuro Cardio & Multispecialty Hospital,Washing solution sensor issue,BA400,Break Down Calls,#1733883978,Anil Mandal,Samir Paudel,
2025-03-27 21:58:13,Neuro Cardio & Multispecialty Hospital,wbc clogging,H33s,Break Down Calls,#1733884522,Anil Mandal,N/A,
2026-01-06 17:32:19,Neuro Cardio & Multispecialty Hospital,blue LED PCB issue,Liaison,Break Down Call (On Site),#1733885819,Pradip Baral,N/A,
2025-11-13 10:58:30,Neuro Cardio & Multispecialty Hospital,Follow up of the machine,BA400,Break Down Call (On Site),#1733885591,Abiral Dulal,N/A,
2024-09-02 14:32:37,Neuro Cardio & Multispecialty Hospital,Software Update,BA400,Break Down Calls,#9368791,Prabhakar Neupane,"Samir Paudel,",
2025-08-22 13:55:37,Neuro Cardio & Multispecialty Hospital,Washing solution bottle limit,BA400,Break Down Call (On Call),#1733885232,Samir Paudel,N/A,
2024-10-04 17:41:38,Neuro Cardio & Multispecialty Hospital,Waste bottle contamination,BA400,Break Down Calls,#6438643,Samir Paudel,N/A,
2025-07-28 17:18:17,Neuro Cardio & Multispecialty Hospital,ba400 fridge peltier issue,BA400,Break Down Call (On Site),#1733885101,Pradip Baral,N/A,
2025-11-06 10:23:08,Neuro Cardio & Multispecialty Hospital,BA400 overall check,BA400,Break Down Call (On Site),#1733885556,Samir Paudel,N/A,
2024-12-13 17:38:53,Neuro Cardio & Multispecialty Hospital,issue in BA400,BA400,Break Down Calls,#1733883924,Anil Mandal,N/A,
2025-12-15 17:31:58,Neuro Cardio & Multispecialty Hospital,sensor change,BA400,Break Down Call (On Site),#1733885729,Pradip Baral,N/A,
2025-04-13 12:41:28,New World View Medical Center Pvt. Ltd.,device check,BA200,Break Down Calls,#1733884571,Sujan Babu Karki,N/A,
2025-11-28 09:34:30,New World View Medical Center Pvt. Ltd.,"new lot calib, qc setup",BA200,Break Down Call (On Call),#1733885656,Sneha,N/A,
2025-10-10 11:13:17,New World View Medical Center Pvt. Ltd.,PMS,BA200,PMS,#1733885459,Abiral Dulal,N/A,
2026-01-30 17:27:54,New World View Medical Center Pvt. Ltd.,PMS of the machine,BA200,Break Down Call (On Site),#1733885909,Pratikshya Budhathoki,N/A,
2025-06-22 20:38:31,New World View Medical Center Pvt. Ltd.,pms of the machine,BA200,PMS,#1733884905,Sneha,N/A,
2025-03-16 14:32:17,New World View Medical Center Pvt. Ltd.,PMS of the machine,BA200,PMS,#1733884448,Sujan Babu Karki,N/A,
2024-10-04 17:40:09,New World View Medical Center Pvt. Ltd.,PMS of the machine,BA200,PMS,#1535832,N/A,N/A,
2025-09-28 14:15:56,New World View Medical Center Pvt. Ltd.,pms-BA200,BA200,PMS,#1733885434,N/A,N/A,
2026-02-01 12:13:04,New World View Medical Center Pvt. Ltd.,sensor change,BA200,Break Down Call (On Site),#1733885912,Pratikshya Budhathoki,Abiral Dulal,
2025-09-19 14:39:29,Nidan Healthcare (Rana Pharmacy), issue mechanism error,H33s,N/A,#1733885345,Abiral Dulal,N/A,
2025-09-21 11:04:04,Nidan Healthcare (Rana Pharmacy),30pro check,i-SMART 30 PRO,Break Down Call (On Site),#1733885378,Abiral Dulal,N/A,
2024-09-09 13:17:11,Nidan Healthcare (Rana Pharmacy),Background voltage abnormal,H33s,Break Down Calls,#5880098,Sujan Babu Karki,N/A,
2024-12-15 17:36:02,Nidan Healthcare (Rana Pharmacy),bubbles in the tubing system,BTS350,Break Down Calls,#1733883932,N/A,N/A,
2025-09-21 11:03:24,Nidan Healthcare (Rana Pharmacy),h33s vertical movement issue,H33s,Break Down Call (On Site),#1733885377,Abiral Dulal,N/A,
2024-09-09 13:17:56,Nidan Healthcare (Rana Pharmacy),Issue in BTS350,BTS350,Break Down Calls,#8892168,Sujan Babu Karki,N/A,
2024-08-01 11:06:46,Nirnayak Diagnostic Laboratory - Chitwan,Open loop motor error,Liaison,Break Down Calls,#2860783,Ashish Pathak,N/A,
2024-07-19 16:49:32,Nirnayak Diagnostic Laboratory - Chitwan,TSH calibration issue,Liaison,Break Down Calls,#8387502,Ashish Pathak,N/A,
2024-09-10 12:07:01,Nirnayak Diagnostic Laboratory - Chitwan,Chamber error,Liaison,Break Down Calls,#9910826,Ashish Pathak,N/A,
2024-12-15 17:45:32,Nirnayak Diagnostic Laboratory - Chitwan,Chamber issue,Liaison,Break Down Calls,#1733883934,Ashish Pathak,N/A,
2024-12-08 17:14:56,Nirnayak Diagnostic Laboratory - Chitwan,Coordinate issue,Liaison,Break Down Calls,#3648356,Ashish Pathak,N/A,
2025-04-16 21:14:51,Nirnayak Diagnostic Laboratory - Chitwan,invalid rlu issue,Liaison,Break Down Calls,#1733884587,Ashish Pathak,N/A,
2025-04-16 21:14:27,Nirnayak Diagnostic Laboratory - Chitwan,off on issue,A25,Break Down Calls,#1733884586,Ashish Pathak,N/A,
2024-10-15 17:23:50,Nirnayak Diagnostic Laboratory - Chitwan,PMS and full maintenance,Liaison,Break Down Calls,#7425066,Ashish Pathak,Samir Paudel,
2025-05-05 10:36:52,Nirnayak Diagnostic Laboratory - Chitwan,results issue,Liaison,Break Down Calls,#1733884658,Ashish Pathak,N/A,
2024-07-25 14:29:55,Nirnayak Diagnostic Laboratory - Chitwan,TSH Data Import,Liaison,Break Down Calls,#1263091,Ashish Pathak,N/A,
2024-12-19 05:42:07,Niruja Diagnostic Center,Avantor - PMS and Expiry Alert !! (1),H33s,N/A,#1733883955,Anil Mandal,N/A,
2024-12-24 05:42:06,Niruja Diagnostic Center,Avantor - PMS and Expiry Alert !! (2),H33s,N/A,#1733883979,Anil Mandal,N/A,
2025-09-19 14:36:51,Niruja Diagnostic Center,Software reinstallation,i-SMART 30 PRO,Break Down Call (On Site),#1733885344,Pradip Baral,N/A,
2024-07-22 10:54:45,Om Sai Pathibhara Hospital Pvt. Ltd.,Cartridge compensation,i-SMART 30 PRO,Application,#6927855,Prabhakar Neupane,N/A,
2024-10-09 18:28:59,Om Sai Pathibhara Hospital Pvt. Ltd.,Machine inspection,i-SMART 30 PRO,OnSite Visit,#4513258,Pradip Baral,N/A,
2024-09-13 13:20:31,Om Sai Pathibhara Hospital Pvt. Ltd.,Slope error,i-SMART 30 PRO,Break Down Calls,#9981338,Pradip Baral,N/A,
2024-07-09 10:56:01,Om Sai Pathibhara Hospital Pvt. Ltd.,Slope Error,i-SMART 30 PRO,Break Down Calls,#3150215,Pratikshya Budhathoki,N/A,
2025-02-21 17:01:00,Om Sai Pathibhara Hospital Pvt. Ltd.,to check machine,i-SMART 30 PRO,OnSite Visit,#1733884333,Pradip Baral,N/A,
2024-12-01 17:30:33,Pacific Multispecialty Clinic,Baseline error,BTS,Break Down Calls,#5756718,Abiral Dulal, Anu Shrestha,
2024-08-20 16:12:45,Pacific Multispecialty Clinic,Baseline Error,BTS,Break Down Calls,#1854999,N/A,N/A,
2024-07-24 17:53:15,Pacific Multispecialty Clinic,Installation and creatinine parameter setup,BTS,Installation,#8774999,Samir Paudel,N/A,
2024-07-23 12:54:21,Pacific Multispecialty Clinic,Installation of machine,BTS,Installation,#4711360,Prabhakar Neupane,"Samir Paudel,",
2025-07-31 14:43:29,Pacific Multispecialty Clinic,issue in bts and pms,BTS,PMS,#1733885118,Sneha,N/A,
2024-11-18 14:00:50,Pacific Multispecialty Clinic,marketing purpose,BTS,OnSite Visit,#8979561,Abiral Dulal,N/A,
2025-12-15 17:30:08,Pacific Multispecialty Clinic,prtoein and albumin result low,BTS,Break Down Call (On Site),#1733885728,Pratikshya Budhathoki,N/A,
2025-01-24 17:32:06,Pacific Multispecialty Clinic,reagent setup,BTS,Break Down Calls,#1733884170,Abiral Dulal,Anu Shrestha,
2025-04-18 22:33:08,Pacific Multispecialty Clinic,test configurations,BTS,Break Down Calls,#1733884603,Sneha,N/A,
2024-09-30 14:41:31,Pacific Multispecialty Clinic,Baseline Error,BTS,Break Down Calls,#3052555,Sneha,N/A,
2024-06-19 12:23:23,Paropakar Maternity & Women's Hospital (PMWH),PMS of NKV 550 Ventilator,NKV 550,PMS,#4134190,Pratikshya Budhathoki,N/A,
2024-06-19 12:22:08,Paropakar Maternity & Women's Hospital (PMWH),PMS of NKV 550 Ventilator,NKV 550,PMS,#1962312,Pratikshya Budhathoki,N/A,
2024-06-19 12:21:02,Paropakar Maternity & Women's Hospital (PMWH),PMS of NKV 550 Ventilator,NKV 550,PMS,#5765984,Pratikshya Budhathoki,N/A,
2025-02-18 15:24:15,Paropakar Maternity & Women's Hospital (PMWH),PMS of the machine,NKV 550,PMS,#1733884310,Prabhakar Neupane,Prasanna Sigdel,
2025-02-18 15:23:15,Paropakar Maternity & Women's Hospital (PMWH),PMS of the machine,NKV 550,PMS,#1733884309,Prabhakar Neupane,"Prasanna Sigdel,",
2025-02-18 15:22:42,Paropakar Maternity & Women's Hospital (PMWH),PMS of the machine,NKV 550,PMS,#1733884308,Prabhakar Neupane,Prasanna Sigdel,
2024-12-08 08:10:06,Paropakar Maternity & Women's Hospital (PMWH),Ventilator - PMS and Expiry ALERT !! (Batch #2),NKV 550,PMS,#1733624706,Samir Paudel,N/A,
2024-12-14 08:10:07,Paropakar Maternity & Women's Hospital (PMWH),Ventilator - PMS and Expiry ALERT !! (Batch #6),NKV 550,N/A,#1733883927,Samir Paudel,N/A,
2026-05-13 09:22:37,Paropakar Maternity & Women's Hospital (PMWH),oxygen sensor change,NKV 550,Break Down Call (On Site),#1733886264,Pratikshya Budhathoki,N/A,
2024-12-03 16:32:39,Paropakar Maternity & Women's Hospital (PMWH),ventilator calibration,NKV 550,Break Down Calls,#3152359,Pratikshya Budhathoki, Nishen Adhikari,
2024-12-09 17:25:08,Pashupati Chaulagain Memorial Hospital,Machine does not turn on,Z50,Break Down Calls,#1618312,N/A,N/A,
2024-12-19 16:50:01,Pashupati Chaulagain Memorial Hospital,power supply issue,Z50,Break Down Calls,#1733883957,N/A,N/A,
2024-09-10 12:50:32,Patan Hospital,Application Issue,NKV 550,Application,#2941111,Pratikshya Budhathoki,N/A,
2024-06-13 15:21:15,Patan Hospital,Application Training,NKV 550,PMS,#8048513,Pratikshya Budhathoki,N/A,
2026-05-06 11:20:14,Patan Hospital,bd,Ergodisc 165,Break Down Call (On Site),#1733886239,Sanu Kaji Tha,N/A,
2025-12-01 10:07:24,Patan Hospital,ergodisc 165 maintenance with service charge,Ergodisc 165,Break Down Call (On Site),#1733885672,Sanu Kaji Tha,N/A,
2024-12-02 14:03:18,Patan Hospital,Freeze issue,Cryocube 540,Break Down Calls,#4919446,Prabhakar Neupane,"Nabin Bhandari,",
2024-12-12 17:41:16,Patan Hospital,General follow up of machine,Wholebody Phototherapy,OnSite Visit,#1733883920,Pratikshya Budhathoki,Nishen Adhikari,
2024-11-17 17:03:13,Patan Hospital,General follow up of machine,Ergodisc 165,OnSite Visit,#2478333,Sanu Kaji Tha,N/A,
2024-11-17 17:03:13,Patan Hospital,General follow up of machine,Ergodisc 165,OnSite Visit,#4375151,Sanu Kaji Tha,N/A,
2024-11-22 14:58:43,Patan Hospital,issue in exhalation valve,NKV 550,OnSite Visit,#6375209,Pratikshya Budhathoki,N/A,
2026-05-07 10:06:05,Patan Hospital,machine not working,Ergodisc 165,Break Down Call (On Site),#1733886247,Sanu Kaji Tha,N/A,
2024-05-21 13:33:16,Patan Hospital,NKV 550  Circuit Fail Issue,NKV 550,Break Down Calls,#1323748,Sneha,N/A,"NKV 550 Circuit Fail Issue, Humidifier Issue, Service Training."
2025-10-27 10:19:52,Patan Hospital,Overall Inspection,NKV 550,Break Down Call (On Site),#1733885515,Sanu Kaji Tha,N/A,
2025-12-02 17:17:36,Patan Hospital,spare replacement work continue,Ergodisc 165,Break Down Call (On Site),#1733885682,Sanu Kaji Tha,N/A,
2024-12-27 20:05:43,Patan Hospital,swingo inspect,Taski Swingo 755,Break Down Calls,#1733884012,Sanu Kaji Tha,N/A,
2025-01-01 09:45:26,Patan Hospital,transducer check alarm,NKV 550,Break Down Calls,#1733884033,Prabhakar Neupane,N/A,
2025-01-26 17:35:37,Patan Hospital,tube connector problem,Wholebody Phototherapy,Break Down Calls,#1733884176,Sujan Babu Karki,N/A,
2024-12-17 08:10:06,Patan Hospital,Ventilator - PMS and Expiry ALERT !! (Batch #9),NKV 550,PMS,#1733883947,Samir Paudel,N/A,
2024-12-12 17:39:43,Patan Hospital,Ventilator Issue,NKV 550,Break Down Calls,#1733883919,Pratikshya Budhathoki,Nishen Adhikari,
2024-12-12 17:38:58,Patan Hospital,Ventilator Issue,NKV 550,Break Down Calls,#1733883918,Prabhakar Neupane,Prasanna Sigdel,
2025-03-11 20:09:14,Patan Hospital,Wholebody Phototherapy spare change,Wholebody Phototherapy,Break Down Calls,#1733884428,Sujan Babu Karki,N/A,
2025-03-30 21:38:01,Pokhara Academy of Health Sciences (PoAHS),installation of microtome,M240,N/A,#1733884534,Prabhakar Neupane,Ashish Pathak,
2025-05-18 18:23:53,Pokhara Academy of Health Sciences (PoAHS),pre installation visit for derma,Wholebody Phototherapy,Pre Installation,#1733884710,Samir Paudel,N/A,
2025-05-20 22:06:28,Pokhara Academy of Health Sciences (PoAHS),preinstallation visit for derma,Wholebody Phototherapy,Break Down Calls,#1733884728,Samir Paudel,N/A,
2025-12-01 12:24:45,Pokhara Academy of Health Sciences (PoAHS),shifting of machine,Wholebody Phototherapy,Break Down Call (On Site),#1733885673,Sujan Babu Karki,N/A,
2025-05-19 17:53:05,Pokhara Academy of Health Sciences (PoAHS),Software Update,M240,Break Down Calls,#1733884718,Samir Paudel,N/A,
2025-06-27 09:56:42,Pokhara Academy of Health Sciences (PoAHS),Installation of machine,Woods Lamp,Installation,#1733884943,Sujan Babu Karki,Sanu Kaji Tha,
2025-06-27 09:55:49,Pokhara Academy of Health Sciences (PoAHS),Installation of machine,Dermatoscope,Installation,#1733884942,Sujan Babu Karki,Sanu Kaji Tha,
2025-06-27 09:55:18,Pokhara Academy of Health Sciences (PoAHS),Installation of machine,Digital Iontophoresis SS,Installation,#1733884941,Sujan Babu Karki,Sanu Kaji Tha,
2025-06-27 09:54:06,Pokhara Academy of Health Sciences (PoAHS),Installation of machine,Dermapeel Gold 3 in 1,Installation,#1733884940,Sujan Babu Karki,Sanu Kaji Tha,
2025-06-26 11:34:11,Pokhara Academy of Health Sciences (PoAHS),Installation of machine,Megasurg Gold,Installation,#1733884937,Sujan Babu Karki,N/A,
2025-06-26 11:31:45,Pokhara Academy of Health Sciences (PoAHS),Installation of machine,Fire-XEL,Installation,#1733884936,Sujan Babu Karki,Sanu Kaji Tha,
2025-06-26 11:30:48,Pokhara Academy of Health Sciences (PoAHS),Installation of machine,Wholebody Phototherapy,Installation,#1733884935,Sujan Babu Karki,Sanu Kaji Tha,
2025-12-01 14:28:16,Pokhara Academy of Health Sciences (PoAHS),MACHINE SHIFT,Fire-XEL,Break Down Call (On Site),#1733885676,Sujan Babu Karki,N/A,
2025-11-27 16:39:05,Pokhara Academy of Health Sciences (PoAHS),pre instalation visit,Wholebody Phototherapy,Pre Installation,#1733885651,Binita Paudel,N/A,
2025-01-08 17:50:31,Pokhara Super Specialty Hospital,Background abnormal,H33s,Break Down Calls,#1733884075,N/A,N/A,
2025-11-21 11:14:05,Pokhara Super Specialty Hospital,Issue in WBC Bath,H33s,Break Down Call (On Call),#1733885621,Binita Paudel,N/A,
2025-06-23 09:53:51,Prashanti Healthcare Center Pvt. Ltd.,Application Issue,BA200,Break Down Call (On Site),#1733884907,Abiral Dulal,N/A,
2025-01-28 17:48:04,Prashanti Healthcare Center Pvt. Ltd.,PMS OF BA200 - new ticket will be raised for pms as this pms could not be done at that time,BA200,PMS,#1733884186,N/A,N/A,
2025-08-14 11:09:40,Prashanti Healthcare Center Pvt. Ltd.,PMS of the machine,BA200,PMS,#1733885187,Abiral Dulal,N/A,
2024-09-11 13:01:10,Prashanti Healthcare Center Pvt. Ltd.,PMS of the machine,BA200,PMS,#4862773,N/A,N/A,
2026-05-07 09:29:58,Prashanti Healthcare Center Pvt. Ltd.,Software update,BA200,Break Down Call (On Site),#1733886242,Prabhakar Neupane,Supriya Kuikel,
2025-09-22 15:48:27,Pratyush Clinical Pathology Laboratory Pvt Ltd,PMS/Software Update/Fan Issue,i-SMART 30 PRO,Break Down Call (On Site),#1733885390,Sneha,N/A,
2024-07-23 17:31:20,Province Hospital - Surkhet,Application Issue,Liaison XL,Application,#6607962,Samir Paudel,N/A,
2024-07-05 11:55:41,Province Hospital - Surkhet,BA200 Application Issue,BA200,Break Down Calls,#3972129,Prabhakar Neupane,N/A,
2024-07-03 10:01:30,Province Hospital - Surkhet,BA200 Desktop Crash,BA200,Break Down Calls,#5038398,Prabhakar Neupane,N/A,Need to reinstall software.
2024-08-08 18:29:15,Province Hospital - Surkhet,"BA200 pump replacement, sensor replacement, tubings change",BA200,Break Down Calls,#5141308,Samir Paudel,Nishen Adhikari,
2025-03-16 17:49:46,Province Hospital - Surkhet,baseline rejection,BA200,Break Down Calls,#1733884459,Samir Paudel,N/A,
2025-01-21 17:47:50,Province Hospital - Surkhet,baseline rejection,BA200,Break Down Calls,#1733884142,Samir Paudel,N/A,
2026-04-29 09:41:59,Province Hospital - Surkhet,BD,SWT Container,Break Down Call (On Site),#1733886212,Samir Paudel,N/A,
2025-01-31 17:53:34,Province Hospital - Surkhet,calibrator setup,BA200,Break Down Calls,#1733884203,Abiral Dulal,N/A,
2025-06-18 13:06:45,Province Hospital - Surkhet,CHECK MACHINE,BA400,N/A,#1733884883,Samir Paudel,Sujan Babu Karki,
2025-06-18 13:05:59,Province Hospital - Surkhet,CHECK MACHINE,i-SMART 30 PRO,N/A,#1733884882,Samir Paudel,Sujan Babu Karki,
2024-07-03 16:09:10,Province Hospital - Surkhet,Connector damaged,BA200,Break Down Calls,#2220144,Samir Paudel,N/A,
2025-02-20 17:17:34,Province Hospital - Surkhet,display issue,Liaison XL,Break Down Calls,#1733884322,Prabhakar Neupane,N/A,
2025-06-08 13:20:08,Province Hospital - Surkhet,Fluidics block,BA200,Break Down Call (On Call),#1733884815,Prabhakar Neupane,Samir Paudel,
2024-06-28 13:26:25,Province Hospital - Surkhet,Installation of Liaison XL,Liaison XL,AMC Proposal,#3890402,Prabhakar Neupane,N/A,"Installation of Liaison XL, sn:2210006881. Training to operator as well."
2025-06-18 13:10:29,Province Hospital - Surkhet,Installation of machine,SWT Container,Installation,#1733884884,Samir Paudel,Sujan Babu Karki,
2024-07-30 10:07:53,Province Hospital - Surkhet,Ismart care10 slope error,i-SMART CARE 10,Application,#7958414,Prabhakar Neupane,N/A,
2025-02-25 17:22:31,Province Hospital - Surkhet,left arm issue,Liaison XL,Break Down Calls,#1733884360,Prabhakar Neupane,N/A,
2024-09-09 13:14:09,Province Hospital - Surkhet,LIS  Connection,Liaison XL,Application,#1215075,Prabhakar Neupane,"Samir Paudel,",
2024-08-08 18:28:12,Province Hospital - Surkhet,LXL software crash,Liaison XL,Break Down Calls,#9516251,Samir Paudel,Nishen Adhikari,
2025-06-18 13:04:57,Province Hospital - Surkhet,PMS,i-SMART CARE 10,PMS,#1733884881,Samir Paudel,Sujan Babu Karki,
2025-06-18 13:04:26,Province Hospital - Surkhet,PMS of the machine,Liaison XL,PMS,#1733884880,Samir Paudel,Sujan Babu Karki,
2024-07-29 15:13:31,Province Hospital - Surkhet,Reagent arm home sensor issue,BA200,Break Down Calls,#3686144,Samir Paudel,N/A,
2024-07-18 16:45:40,Province Hospital - Surkhet,Sample arm home sensor error,BA200,Break Down Calls,#6725200,Prabhakar Neupane,N/A,
2025-02-20 17:14:45,Province Hospital - Surkhet,software update abg,i-SMART CARE 10,Break Down Calls,#1733884320,Sneha,N/A,
2026-05-14 11:08:16,Province Hospital - Surkhet,Spare parts taken out from LXL,Liaison XL,Office Work,#1733886273,Samir Paudel,N/A,
2025-02-10 21:27:48,Province Hospital - Surkhet,stirrer home issue,BA400,Break Down Calls,#1733884255,Prabhakar Neupane,N/A,
2024-07-18 16:43:54,Province Hospital - Surkhet,Washer aspiration issue,Liaison XL,Break Down Calls,#3507674,Prabhakar Neupane,N/A,
2024-07-30 15:29:29,Province Hospital - Surkhet,Water tank limit issue,BA200,Break Down Calls,#4147043,Samir Paudel,N/A,
2026-02-23 11:41:26,Province Hospital - Surkhet,overflow issue,BA200,Break Down Call (On Site),#1733886000,Sneha,N/A,
2024-07-10 17:00:04,Province Hospital - Surkhet,ABG software update,i-SMART CARE 10,Application,#6449888,Samir Paudel,N/A,
2025-02-16 17:30:16,Province Hospital - Surkhet,application issue in Liaison xl,Liaison XL,Break Down Calls,#1733884288,Prabhakar Neupane,N/A,
2024-06-04 17:27:57,Province Hospital - Surkhet,BA200 home sensor issue,BA200,Break Down Calls,#4776286,Prabhakar Neupane,N/A,"Home senosr issue
BA200, Emergency department"
2025-09-24 12:31:54,Province Hospital - Surkhet,BA200 ISSUE,BA200,Break Down Call (On Call),#1733885411,Samir Paudel,N/A,
2025-02-24 17:28:27,Province Hospital - Surkhet,BA200 issue,BA200,Break Down Calls,#1733884354,Prabhakar Neupane,N/A,
2025-09-02 17:07:47,Province Hospital - Surkhet,ba200 leakage issue,BA200,Break Down Call (On Site),#1733885271,Samir Paudel,N/A,
2025-10-13 17:08:24,Province Hospital - Surkhet,BA200 Rotor Overflow,BA200,Break Down Call (On Call),#1733885473,Abiral Dulal,N/A,
2025-05-28 14:43:41,Province Hospital - Surkhet,bilrubin direct abnormal,BA200,Break Down Calls,#1733884766,Prabhakar Neupane,N/A,
2025-09-05 16:54:25,Province Hospital - Surkhet,Breakdown,SWT Container,Break Down Call (On Site),#1733885295,Samir Paudel,N/A,
2025-07-06 13:29:34,Province Hospital - Surkhet,Breakdown,BA200,Break Down Call (On Call),#1733884980,Samir Paudel,N/A,
2024-06-14 12:52:57,Province Hospital - Surkhet,Calibration not detected.,i-SMART 30 PRO,Break Down Calls,#3927924,Sujan Babu Karki,N/A,
2024-12-09 07:20:06,Province Hospital - Surkhet,DiaSorin - PMS and Expiry Alert !! (1),Liaison XL,N/A,#1733708106,Prabhakar Neupane,N/A,
2025-07-20 09:49:14,Province Hospital - Surkhet,Fluidic obstruction,BA200,Break Down Call (On Call),#1733885051,Samir Paudel,N/A,
2026-04-23 13:27:21,Province Hospital - Surkhet,Follow Up,SWT Container,Break Down Call (On Site),#1733886193,Samir Paudel,N/A,
2025-09-05 16:55:40,Province Hospital - Surkhet,Follow up of the machine,Liaison XL,Break Down Call (On Site),#1733885296,Samir Paudel,N/A,
2025-03-27 21:56:44,Province Hospital - Surkhet,for Liaison xl,Liaison XL,Break Down Calls,#1733884520,Samir Paudel,N/A,
2024-10-20 17:31:12,Province Hospital - Surkhet,issue in ba200,BA200,BreakDownCalls,#1248361,Prabhakar Neupane,N/A,
2025-11-07 10:17:58,Province Hospital - Surkhet,Issue in Data Transfer,BA400,Break Down Call (On Call),#1733885572,Samir Paudel,N/A,
2025-09-14 12:45:15,Province Hospital - Surkhet,issue in leakage of rotor,BA200,Break Down Call (On Site),#1733885316,Samir Paudel,N/A,
2025-07-13 22:53:11,Province Hospital - Surkhet,issue in Liaison xl,Liaison XL,Break Down Call (On Call),#1733885020,Prabhakar Neupane,N/A,
2025-07-11 17:20:29,Province Hospital - Surkhet,issue in Liaisonxl,Liaison XL,Break Down Call (On Site),#1733885012,Samir Paudel,N/A,
2025-10-09 11:34:13,Province Hospital - Surkhet,Leakage issue,BA200,Break Down Call (On Site),#1733885453,Samir Paudel,Sujan Babu Karki,
2025-04-27 13:51:19,Province Hospital - Surkhet,Liaison xl pipetter arm change,Liaison XL,Break Down Calls,#1733884626,Samir Paudel,N/A,
2025-09-02 17:08:24,Province Hospital - Surkhet,lxl routine check,Liaison XL,Break Down Call (On Site),#1733885272,Samir Paudel,N/A,
2025-12-14 09:31:47,Province Hospital - Surkhet,newster issue,SWT Container,Break Down Call (On Site),#1733885717,Sujan Babu Karki,N/A,
2025-06-24 13:57:31,Province Hospital - Surkhet,newster issue,SWT Container,Break Down Call (On Site),#1733884919,Samir Paudel,N/A,
2026-01-04 11:19:47,Province Hospital - Surkhet,NEWSTER MAINTENANCE,SWT Container,Break Down Call (On Site),#1733885808,Sujan Babu Karki,N/A,
2025-02-07 16:41:26,Province Hospital - Surkhet,overall device check,SWT Container,OnSite Visit,#1733884235,Samir Paudel,Sujan Babu Karki,
2025-09-17 17:08:45,Province Hospital - Surkhet,overflow issue,BA200,Break Down Call (On Site),#1733885330,Samir Paudel,N/A,
2025-09-15 21:44:07,Province Hospital - Surkhet,overflow issue,BA200,Break Down Call (On Site),#1733885321,Samir Paudel,N/A,
2024-12-04 16:35:50,Province Hospital - Surkhet,Photometric issue,BA200,Break Down Calls,#3754181,Prabhakar Neupane,N/A,
2024-10-20 17:33:20,Province Hospital - Surkhet,PMS,Liaison XL,PMS,#5988375,Prabhakar Neupane,N/A,
2025-02-06 15:24:47,Province Hospital - Surkhet,pre instalation visit,SWT Container,Pre Installation,#1733884225,Samir Paudel,Sujan Babu Karki,
2025-12-14 09:31:03,Province Hospital - Surkhet,reader issue,Liaison XL,Break Down Call (On Site),#1733885716,Sujan Babu Karki,N/A,
2025-01-02 17:11:46,Province Hospital - Surkhet,sample load issue,BA200,Break Down Calls,#1733884044,N/A,N/A,
2025-09-04 13:34:36,Province Hospital - Surkhet,swt followup,SWT Container,Break Down Call (On Site),#1733885288,Samir Paudel,N/A,
2025-09-02 17:09:30,Province Hospital - Surkhet,swt10 check,SWT Container,Break Down Call (On Site),#1733885273,Samir Paudel,N/A,
2025-06-13 16:44:55,Province Hospital - Surkhet,thomas pump and probe change,BA200,Break Down Call (On Call),#1733884844,Samir Paudel,N/A,
2025-11-09 13:48:16,Province Hospital - Surkhet,Water Over flow issue,SWT Container,Break Down Call (On Call),#1733885581,Sujan Babu Karki,N/A,
2025-03-16 10:13:21,Province Hospital - Surkhet,water overflow,BA400,Break Down Calls,#1733884445,Samir Paudel,N/A,
2024-10-04 17:53:48,Province Hospital - Surkhet,Water tank limit,BA200,Break Down Calls,#5865238,Samir Paudel,N/A,
2024-10-06 14:25:40,Province Hospital - Surkhet,Clot accumulation in door,i-SMART CARE 10,Break Down Calls,#3932784,Prabhakar Neupane,N/A,
2024-09-30 10:51:19,Province Hospital - Surkhet,i-SMART CARE 10 touch issue,i-SMART CARE 10,Break Down Calls,#7574465,Prabhakar Neupane,N/A,"touch issue, device initialization failed"
2025-02-23 11:40:44,Public Healthcare Center Pvt. Ltd.,PMS OF BA200,BA200,PMS,#1733884338,Sneha,N/A,
2026-01-01 12:17:56,Public Healthcare Center Pvt. Ltd.,PMS of the machine,BA200,PMS,#1733885802,Abiral Dulal,N/A,
2025-06-15 12:35:55,Public Healthcare Center Pvt. Ltd.,PMS of the machine,BA200,PMS,#1733884851,Sneha,N/A,
2024-11-19 17:03:12,Public Healthcare Center Pvt. Ltd.,PMS of the machine,BA200,PMS,#5367440,N/A,N/A,
2025-04-13 12:37:15,Pushpanjali Hospital,ADA setup,BA200,Break Down Calls,#1733884569,Ashish Pathak,N/A,
2025-08-01 20:44:14,Pushpanjali Hospital,alp/amp issue,BA200,Break Down Call (On Site),#1733885125,Ashish Pathak,N/A,
2024-06-02 16:05:45,Pushpanjali Hospital,AMC discussion ,Liaison,AMC Proposal,#4653828,Sneha,N/A,Talked about the AMC of the machine. 
2025-09-15 21:45:14,Pushpanjali Hospital,application issue,BA200,Break Down Call (On Site),#1733885323,Ashish Pathak,N/A,
2025-12-05 09:33:53,Pushpanjali Hospital,barcode issue,Liaison,Break Down Call (On Call),#1733885692,Ashish Pathak,N/A,
2025-01-01 18:05:15,Pushpanjali Hospital,barcode issue,i-SMART 30 PRO,Break Down Calls,#1733884034,Ashish Pathak,N/A,
2025-11-24 16:47:12,Pushpanjali Hospital,Bilirubin Total High for child,BA200,Break Down Call (On Site),#1733885639,Ashish Pathak,N/A,
2026-01-05 19:39:37,Pushpanjali Hospital,BILRUBIN TOTAL CALIBRATION ISSUE,BA200,Break Down Call (On Site),#1733885817,Ashish Pathak,N/A,
2025-06-03 18:45:33,Pushpanjali Hospital,bilrubin total direct qc issue,BA200,Break Down Calls,#1733884788,Ashish Pathak,N/A,
2025-09-04 12:31:32,Pushpanjali Hospital,Breakdown,BA200,PMS,#1733885281,Ashish Pathak,N/A,
2025-01-05 17:02:14,Pushpanjali Hospital,calibration tsh data issue,Liaison,Break Down Calls,#1733884055,Ashish Pathak,N/A,
2025-06-09 20:45:19,Pushpanjali Hospital,catastrophic issue,Liaison,Break Down Call (On Site),#1733884823,Ashish Pathak,N/A,
2025-07-02 18:25:36,Pushpanjali Hospital,clot detection issue,Liaison,Break Down Call (On Site),#1733884961,Ashish Pathak,N/A,
2025-11-03 15:21:39,Pushpanjali Hospital,Creatinine results issue,BA200,Break Down Call (On Call),#1733885549,Ashish Pathak,N/A,
2025-11-02 10:12:53,Pushpanjali Hospital,creatinine results issue,BA200,PMS,#1733885534,Ashish Pathak,N/A,
2025-06-24 13:59:04,Pushpanjali Hospital,crp calibration issue,BA200,Break Down Call (On Site),#1733884923,Ashish Pathak,N/A,
2025-04-15 21:44:22,Pushpanjali Hospital,CRP ISSUE,BA200,Break Down Calls,#1733884583,Ashish Pathak,N/A,
2025-05-21 21:52:26,Pushpanjali Hospital,ft4 result issue,Liaison,Break Down Calls,#1733884734,Ashish Pathak,N/A,
2025-04-02 20:46:52,Pushpanjali Hospital,installation of ba200,BA200,Installation,#1733884543,Ashish Pathak,Nishen Adhikari,
2025-05-22 22:28:07,Pushpanjali Hospital,Liaison chamber lift issue,Liaison,Break Down Calls,#1733884743,Ashish Pathak,N/A,
2025-09-26 12:10:50,Pushpanjali Hospital,Liaison Injection Issue,Liaison,Break Down Call (On Site),#1733885424,Ashish Pathak,N/A,
2024-12-04 16:24:17,Pushpanjali Hospital,Liaison result issue,Liaison,Break Down Calls,#3917483,Ashish Pathak,N/A,
2026-01-29 21:56:03,Pushpanjali Hospital,lipase barcode issue,BA200,Break Down Call (On Site),#1733885901,Ashish Pathak,N/A,
2025-07-11 09:48:01,Pushpanjali Hospital,lipase issue,BA200,Break Down Call (On Site),#1733885007,Ashish Pathak,N/A,
2024-11-18 12:33:50,Pushpanjali Hospital,Machine re functioning and set up,Liaison,Break Down Calls,#5135006,Ashish Pathak,N/A,
2024-12-02 17:19:03,Pushpanjali Hospital,Machine revive,A25,Break Down Calls,#3978204,Ashish Pathak,N/A,
2025-06-08 11:45:20,Pushpanjali Hospital,Magnesium setup,BA200,Break Down Call (On Site),#1733884813,Ashish Pathak,N/A,
2025-12-03 09:33:27,Pushpanjali Hospital,Needle bent issue,BA200,Break Down Call (On Call),#1733885683,Ashish Pathak,N/A,
2025-12-07 09:49:39,Pushpanjali Hospital,needle change,BA200,Break Down Call (On Site),#1733885696,Ashish Pathak,N/A,
2025-03-16 17:34:08,Pushpanjali Hospital,open loop control error,Liaison,Break Down Calls,#1733884458,Ashish Pathak,N/A,
2025-03-23 21:23:35,Pushpanjali Hospital,open loop motor control error,Liaison,Break Down Calls,#1733884492,Ashish Pathak,N/A,
2025-11-06 15:51:34,Pushpanjali Hospital,Open loop motor control issue,Liaison,Break Down Call (On Site),#1733885557,Ashish Pathak,N/A,
2025-06-15 15:04:04,Pushpanjali Hospital,Out of range issue,i-SMART 30 PRO,Break Down Call (On Site),#1733884853,Ashish Pathak,N/A,
2025-12-23 15:20:22,Pushpanjali Hospital,pipetter needle block,Liaison,Break Down Call (On Site),#1733885761,Ashish Pathak,N/A,
2025-12-21 10:00:17,Pushpanjali Hospital,PMS of the machine,BA200,PMS,#1733885747,Ashish Pathak,N/A,
2025-08-07 14:15:14,Pushpanjali Hospital,PMS of the machine,Liaison,Break Down Call (On Site),#1733885157,Ashish Pathak,N/A,
2025-06-18 20:20:24,Pushpanjali Hospital,pms of the machine,BA200,PMS,#1733884885,Ashish Pathak,N/A,
2025-06-16 22:24:17,Pushpanjali Hospital,pms of the machine,BA200,PMS,#1733884859,Ashish Pathak,N/A,
2025-03-26 16:39:35,Pushpanjali Hospital,pre instalation visit,BA200,Pre Installation,#1733884516,Ashish Pathak,N/A,
2025-09-14 12:42:54,Pushpanjali Hospital,qc issue,BA200,Break Down Call (On Site),#1733885312,Ashish Pathak,N/A,
2026-05-06 15:00:38,Pushpanjali Hospital,QC SETUP,BA200,Break Down Call (On Site),#1733886240,Ashish Pathak,N/A,
2025-04-24 22:20:28,Pushpanjali Hospital,reagent barcode issue,BA200,Break Down Calls,#1733884622,Ashish Pathak,N/A,
2025-11-20 10:52:53,Pushpanjali Hospital,result issue,BA200,Break Down Call (On Site),#1733885618,Ashish Pathak,N/A,
2024-05-10 14:58:30,Pushpanjali Hospital,Sample arms moment issue  in A25,A25,Break Down Calls,#5245949,Sneha,N/A,
2025-11-04 10:28:32,Pushpanjali Hospital,Samples Clot,Liaison,Break Down Call (On Site),#1733885551,Ashish Pathak,N/A,
2025-11-30 14:35:58,Pushpanjali Hospital,slope error,i-SMART 30 PRO,Break Down Call (On Site),#1733885663,Ashish Pathak,N/A,
2025-10-13 09:39:04,Pushpanjali Hospital,Slope error,i-SMART 30 PRO,Break Down Call (On Site),#1733885469,Ashish Pathak,N/A,
2025-10-09 11:53:45,Pushpanjali Hospital,Slope error,i-SMART 30 PRO,PMS,#1733885457,Ashish Pathak,N/A,
2025-02-17 17:45:52,Pushpanjali Hospital,slope error,i-SMART 30 PRO,Break Down Calls,#1733884297,Ashish Pathak,N/A,
2025-03-02 17:47:13,Pushpanjali Hospital,stacker issue,Liaison,Break Down Calls,#1733884384,Ashish Pathak,N/A,
2025-12-31 14:41:31,Pushpanjali Hospital,system test issue,Liaison,Break Down Call (On Site),#1733885800,Ashish Pathak,N/A,
2025-12-14 10:39:27,Pushpanjali Hospital,tg issue,BA200,Break Down Call (On Site),#1733885720,Ashish Pathak,N/A,
2025-09-16 21:56:11,Pushpanjali Hospital,thomas pump issue,BA200,Break Down Call (On Site),#1733885327,Ashish Pathak,N/A,
2025-07-08 14:01:42,Pushpanjali Hospital,total protein issue,BA200,Break Down Call (On Site),#1733884988,Ashish Pathak,N/A,
2025-07-25 20:31:14,Pushpanjali Hospital,tsh calibration issue,Liaison,Break Down Call (On Site),#1733885076,Ashish Pathak,N/A,
2025-04-15 21:44:55,Pushpanjali Hospital,tsh calibration issue,Liaison,Break Down Calls,#1733884584,Ashish Pathak,N/A,
2026-05-14 12:29:18,Pushpanjali Hospital,TSH Calibration Quality Control Run test,Liaison,Break Down Call (On Site),#1733886274,Ashish Pathak,N/A,
2025-02-04 09:51:54,Pushpanjali Hospital,tsh data issue,Liaison,Break Down Calls,#1733884215,Ashish Pathak,N/A,
2026-05-13 09:21:04,Pushpanjali Hospital,Tsh low issue,Liaison,Break Down Call (On Site),#1733886263,Ashish Pathak,N/A,
2025-12-14 09:33:14,Pushpanjali Hospital,tsh result issue,Liaison,Break Down Call (On Call),#1733885719,Ashish Pathak,N/A,
2026-01-29 21:55:33,Pushpanjali Hospital,washer issue,Liaison,Break Down Call (On Site),#1733885900,Ashish Pathak,N/A,
2025-05-12 20:51:34,Pushpanjali Hospital,water tank limit issue,BA200,Break Down Calls,#1733884688,Ashish Pathak,N/A,
2024-09-16 12:31:52,Ramechhap Hospital,PMS and no line on display,SWT5,PMS,#1199887,Sujan Babu Karki,N/A,
2025-09-17 17:09:16,Ramechhap Hospital,pms of newster,SWT5,PMS,#1733885331,Sujan Babu Karki,N/A,
2025-01-06 18:04:25,Ramechhap Hospital,swt issue,SWT5,Break Down Calls,#1733884065,Sujan Babu Karki,N/A,
2024-10-28 12:08:06,Ramechhap Hospital,Newster - 1st PMS ALERT !!,SWT5,PMS,#1730096586,Sujan Babu Karki,N/A,
2025-01-05 17:02:49,Rangeli Hospital,align reagent probe,BA200,Break Down Calls,#1733884056,Pradip Baral,N/A,
2025-01-17 16:51:18,Rangeli Hospital,Ast/GOT Result issue,BA200,Break Down Calls,#1733884120,Pradip Baral,N/A,
2025-03-16 17:32:04,Rangeli Hospital,BA200 followup,BA200,Break Down Calls,#1733884457,Pradip Baral,N/A,
2025-03-13 10:50:08,Rangeli Hospital,BA200 probe issue,BA200,Break Down Calls,#1733884436,Pradip Baral,N/A,
2025-01-18 08:58:07,Rangeli Hospital,BioSystems - PMS and Expiry Alert !! (18),BA200,PMS,#1733884123,Pradip Baral,N/A,
2024-12-04 16:25:28,Rangeli Hospital,cross verification of result,BA200,Break Down Calls,#5109355,Pradip Baral,N/A,
2025-07-25 20:30:32,Rangeli Hospital,fridge issue,BA200,Break Down Call (On Site),#1733885075,Pradip Baral,N/A,
2025-08-05 22:23:06,Rangeli Hospital,FRIDGE POWER SUPPLY CHANGE,BA200,Break Down Call (On Site),#1733885139,Pradip Baral,N/A,
2025-06-03 18:46:28,Rangeli Hospital,Inspection of BA200,BA200,Break Down Calls,#1733884789,Pradip Baral,N/A,
2024-12-20 14:26:44,Rangeli Hospital,Inspection of BA200,BA200,OnSite Visit,#1733883965,Pradip Baral,N/A,
2024-10-22 16:13:58,Rangeli Hospital,Issue in BA200,BA200,Break Down Calls,#2963133,Pradip Baral,N/A,
2025-11-18 13:04:00,Rangeli Hospital,issue on stirer,BA200,Break Down Call (On Site),#1733885609,Pradip Baral,N/A,
2024-08-23 10:43:33,Rangeli Hospital,lssue in Liaison,BA200,Break Down Calls,#1942464,Prabhakar Neupane,N/A,
2024-08-05 10:22:11,Rangeli Hospital,Movement issue in the vertical rod of wash station,BA200,Break Down Calls,#7236809,Pradip Baral,N/A,
2026-04-22 10:37:01,Rangeli Hospital,Overall check,BA200,Break Down Call (On Site),#1733886184,Abiral Dulal,N/A,
2025-05-21 21:53:07,Rangeli Hospital,pms of ba200,BA200,PMS,#1733884735,Pradip Baral,N/A,
2024-07-15 13:03:05,Rangeli Hospital,Reaction rotor issue,BA200,Break Down Calls,#8376080,Prabhakar Neupane,N/A,
2024-10-08 13:13:33,Rangeli Hospital,Reagent and consumables agreement.,BA200,OnSite Visit,#8809071,Pradip Baral,N/A,
2024-09-03 14:49:25,Rangeli Hospital,Result fluctuation,BA200,Application,#6074126,Pradip Baral,N/A,
2024-09-08 11:26:27,Rangeli Hospital,Result fluctuation UIBC,BA200,Application,#7636086,Pradip Baral,N/A,
2025-06-13 16:31:31,Rangeli Hospital,sgpt/sgot issue,BA200,Break Down Call (On Site),#1733884843,Pradip Baral,N/A,
2026-02-12 13:16:47,Rangeli Hospital,software setup,BA200,Break Down Call (On Site),#1733885971,Sneha,N/A,
2025-03-27 21:57:36,Rangeli Hospital,substrate depletion,BA200,Break Down Calls,#1733884521,Pradip Baral,N/A,
2024-12-01 16:51:22,Rangeli Hospital,Substrate depletion,BA200,Break Down Calls,#5136033,Pradip Baral,"Anu Shrestha,",
2025-02-13 17:47:28,Rangeli Hospital,to set ADA,BA200,Break Down Calls,#1733884267,Pradip Baral,N/A,
2025-01-31 17:54:31,Rapti Academy of Health Sciences,abg training to customer,i-SMART CARE 10,OnSite Visit,#1733884204,Sujan Babu Karki,N/A,
2025-08-05 22:31:59,Rapti Academy of Health Sciences,cal not detected issue,i-SMART CARE 10,Break Down Call (On Site),#1733885147,Sneha,N/A,
2025-04-02 20:49:17,Rapti Academy of Health Sciences,cartridge issue,i-SMART CARE 10,Break Down Calls,#1733884546,Sujan Babu Karki,N/A,
2025-01-02 17:03:25,Rapti Academy of Health Sciences,Display issue,i-SMART 30 PRO,Break Down Calls,#1733884043,Prabhakar Neupane,N/A,
2025-02-14 18:51:35,Rapti Academy of Health Sciences,issue in abg analyzer,i-SMART CARE 10,Break Down Calls,#1733884277,Sujan Babu Karki,N/A,
2025-05-02 19:00:39,Rapti Academy of Health Sciences,PC ran out of problem,i-SMART 30 PRO,Break Down Calls,#1733884656,Sneha,N/A,
2025-02-02 17:49:36,Rapti Academy of Health Sciences,PMS of the machine,i-SMART 30 PRO,PMS,#1733884209,Sujan Babu Karki,N/A,
2025-09-28 14:12:40,Rapti Academy of Health Sciences,pms-care10,i-SMART CARE 10,N/A,#1733885433,N/A,N/A,
2025-08-24 09:30:35,Rapti Academy of Health Sciences,solenoid valve loose,i-SMART CARE 10,Break Down Call (On Call),#1733885237,Sneha,N/A,
2025-02-03 17:04:50,Rapti Academy of Health Sciences,machine check and training,i-SMART 30 PRO,OnSite Visit,#1733884212,Sujan Babu Karki,N/A,
2025-04-18 22:32:18,RB Diagnostics,cartridge issue,i-SMART 30 PRO,N/A,#1733884601,Samir Paudel,N/A,
2024-07-03 16:14:41,RB Diagnostics,Fan Module Issue,i-SMART 30 PRO,Break Down Calls,#1805889,N/A,N/A,
2025-06-26 11:26:18,Remind Medical Center,Breakdown,CLIA800,Break Down Call (On Site),#1733884934,Abiral Dulal,N/A,
2025-04-30 18:29:05,Remind Medical Center,clia reagent setup,CLIA800,Break Down Calls,#1733884651,Sneha,N/A,
2025-04-21 21:48:55,Remind Medical Center,clia800 software issue,CLIA800,Break Down Calls,#1733884610,Samir Paudel,N/A,
2025-05-26 21:28:25,Remind Medical Center,installation of AH600 PRO,AH600 PRO,Break Down Calls,#1733884756,Sujan Babu Karki,N/A,
2025-05-16 22:16:40,Remind Medical Center,not initialize,CLIA800,Break Down Calls,#1733884707,Samir Paudel,N/A,
2025-04-18 22:26:37,Remind Medical Center,overall all machines check,A25,Break Down Calls,#1733884596,Samir Paudel,Prasanna Sigdel,
2024-06-12 10:40:47,Remind Medical Center,Payment Issue,A25,N/A,#2779154,Sneha,N/A,The payment of A25 machine and reagent along with the reagents of Maglumi are pending
2025-06-10 20:39:46,Remind Medical Center,ultrasound installation,Apogee 3300 Neo,Installation,#1733884835,Sneha,Prasanna Sigdel,
2024-11-19 11:27:08,Remind Medical Center,3rd PMS of A25 at Remind Medical Centre,A25,N/A,#1731994928,N/A,N/A,
2025-05-12 14:29:51,Remind Medical Center,BTS350 board change,BTS350,Break Down Calls,#1733884683,Sneha,N/A,
2025-05-12 20:48:10,Remind Medical Center,Clia backtransport issue,CLIA800,Break Down Calls,#1733884684,N/A,N/A,
2025-06-02 15:08:59,Remind Medical Center,issue in A25,A25,Break Down Calls,#1733884784,Samir Paudel,N/A,
2024-05-10 10:38:53,Remind Medical Center,PMS,Apogee 3300 Neo,PMS,#5845085,Sneha,N/A,pms of A25
2025-02-09 11:01:34,Remind Medical Center,PMS of the machine - after amc pms will be done,A25,PMS,#1733884246,Sneha,N/A,
2025-07-10 09:54:00,Remind Medical Center,a25 issue,A25,Break Down Call (On Site),#1733885002,Samir Paudel,N/A,
2025-07-09 18:59:16,Remind Medical Center,A25 ISSUE IN ARM TUBE,A25,Break Down Call (On Site),#1733884993,Samir Paudel,N/A,
2025-07-07 12:38:51,Remind Medical Center,Application Issue,CLIA800,Break Down Call (On Site),#1733884984,Abiral Dulal,N/A,
2025-12-21 11:38:15,Remind Medical Center,backtransport error,CLIA800,Break Down Call (On Site),#1733885752,Abiral Dulal,Prabhakar Neupane,
2025-07-24 12:07:36,Remind Medical Center,Breakdown,CLIA800,Break Down Call (On Call),#1733885072,Prabhakar Neupane,Sneha Munankami,
2025-08-12 17:22:27,Remind Medical Center,clia issue of sample not selected,CLIA800,Break Down Call (On Call),#1733885171,Abiral Dulal,N/A,
2025-07-23 11:27:58,Remind Medical Center,issue in A25,A25,Break Down Call (On Site),#1733885070,Sujan Babu Karki,Sneha Munankami,
2025-08-18 15:17:15,Remind Medical Center,issue in clia,CLIA800,Break Down Call (On Site),#1733885205,Abiral Dulal,N/A,
2025-07-04 11:27:10,Remind Medical Center,issue in clia,CLIA800,Break Down Call (On Site),#1733884972,Abiral Dulal,Sujan Babu Karki,
2025-08-18 15:16:41,Remind Medical Center,pms of AH600pro,AH600 PRO,PMS,#1733885204,Abiral Dulal,N/A,
2025-12-21 11:41:30,Remind Medical Center,PMS of the machine,AH600 PRO,PMS,#1733885754,Abiral Dulal,Prabhakar Neupane,
2025-11-06 16:01:10,Remind Medical Center,PMS of the machine,BTS350,PMS,#1733885564,N/A,N/A,
2025-07-03 15:12:19,Remind Medical Center,PMS of the machine,H33s,PMS,#1733884966,Abiral Dulal,Sujan Babu Karki,
2025-07-03 15:11:40,Remind Medical Center,PMS of the machine,i-SMART 30 PRO,PMS,#1733884965,Abiral Dulal,N/A,
2025-07-03 15:10:34,Remind Medical Center,PMS of the machine,CLIA800,PMS,#1733884964,Abiral Dulal,Sujan Babu Karki,
2025-07-03 15:09:56,Remind Medical Center,PMS of the machine,A25,PMS,#1733884963,Abiral Dulal,N/A,
2025-12-21 11:39:20,Remind Medical Center,pms of ultrasound,Apogee 3300 Neo,PMS,#1733885753,Abiral Dulal,Prabhakar Neupane,
2025-07-25 20:34:55,Remind Medical Center,qc issue,A25,Break Down Call (On Site),#1733885081,Sneha,N/A,
2025-07-24 12:08:20,Remind Medical Center,qc issue,A25,Break Down Call (On Site),#1733885073,Prabhakar Neupane,Sneha Munankami,
2025-11-13 10:46:47,Sahara Health Center Pvt. Ltd.,Application Issue,BA200,Break Down Call (On Site),#1733885590,Samir Paudel,N/A,
2024-08-02 10:32:07,Sahara Health Center Pvt. Ltd.,PMS,BA200,PMS,#7356288,Sujan Babu Karki,N/A,
2024-06-09 12:19:10,Sahara Health Center Pvt. Ltd.,"Calibration, QC selection issue",BA200,Follow-up(Observation),#6953550,Sneha,N/A,"Calibration, qc selection issue"
2024-09-26 14:43:34,Sahara Health Center Pvt. Ltd.,PMS,BA200,PMS,#6284336,N/A,N/A,
2025-06-17 10:31:27,Sahara Health Center Pvt. Ltd.,PMS of the machine,BA200,PMS,#1733884862,Abiral Dulal,N/A,
2025-01-19 12:36:41,Sahara Health Center Pvt. Ltd.,PMS of the machine,BA200,PMS,#1733884126,N/A,N/A,
2024-12-12 15:38:37,Sahara Health Center Pvt. Ltd.,user training of the machine,BA200,OnSite Visit,#1733883917,N/A,N/A,
2025-11-09 11:19:11,Sahara Health Center Pvt. Ltd.,PMS,BA200,PMS,#1733885580,Sujan Babu Karki,N/A,
2025-08-12 17:23:00,Sahara Health Center Pvt. Ltd.,substrate depletion,BA200,Break Down Call (On Call),#1733885172,Abiral Dulal,N/A,
2026-01-05 09:19:15,Sahid Gangalal National Heart Center,maintenance of ventilator,NKV 550,Break Down Call (On Site),#1733885812,Samir Paudel,Prasanna Sigdel,
2026-01-02 09:48:23,Sahid Gangalal National Heart Center,maintenance of ventilator,NKV 550,Break Down Call (On Site),#1733885805,Abiral Dulal,N/A,
2025-12-28 11:20:01,Sahid Gangalal National Heart Center,pm kit change,NKV 550,Break Down Call (On Site),#1733885786,Samir Paudel,"Abiral Dulal,Pratikshya Budhathoki",
2025-12-28 11:19:19,Sahid Gangalal National Heart Center,to change pm kit,NKV 550,Break Down Call (On Site),#1733885785,Samir Paudel,"Abiral Dulal,Pratikshya Budhathoki",
2024-12-12 08:10:07,Sahid Gangalal National Heart Center,Ventilator - PMS and Expiry ALERT !! (Batch #4),NKV 550,PMS,#1733883913,Samir Paudel,"Prasanna Sigdel,",
2025-03-17 21:13:00,Sahid Gangalal National Heart Center,ventilator check,NKV 550,Break Down Calls,#1733884462,Samir Paudel,N/A,
2025-05-06 17:59:35,Sahid Gangalal National Heart Center,ventilator issue,NKV 550,Break Down Calls,#1733884663,Samir Paudel,N/A,
2024-12-20 14:24:48,Sahid Gangalal National Heart Center,ventilator o2 sensor replace,NKV 550,Break Down Calls,#1733883963,Prabhakar Neupane,Prasanna Sigdel,
2025-02-24 16:44:47,Sahid Gangalal National Heart Center,change warranty part,NKV 550,Break Down Calls,#1733884349,Samir Paudel,Nishen Adhikari,
2024-07-08 10:33:44,Sahid Gangalal National Heart Center,Check BDU of ventilator,NKV 550,Application,#6937129,Pratikshya Budhathoki,N/A,
2024-07-04 17:52:28,Sahid Gangalal National Heart Center,Exhalation valve leakage of NKV 550 Ventilator,NKV 550,Break Down Calls,#3898106,Prabhakar Neupane,N/A,
2025-04-24 13:38:27,Sahid Gangalal National Heart Center,for ventilator operation,NKV 550,Break Down Call (On Site),#1733884620,Prabhakar Neupane,N/A,
2024-05-26 16:16:12,Sahid Gangalal National Heart Center,O2 sensor calibration fail,NKV 550,Break Down Calls,#8900364,N/A,N/A,"O2 sensor calibration failed. Also, FiO2 failed to reach to the set value"
2024-06-04 11:26:59,Sahid Gangalal National Heart Center,PMS and O2 sensor Replacement,NKV 550,PMS,#5383185,N/A,N/A,
2025-05-22 22:26:41,Sahid Gangalal National Heart Center,Ventilator air psol change,NKV 550,Break Down Call (On Site),#1733884742,Prabhakar Neupane,Sneha Munankami,
2024-12-31 17:31:48,Sahid Gangalal National Heart Center,ventilator check,NKV 550,Break Down Calls,#1733884028,Prabhakar Neupane,Samir Paudel,
2025-06-26 18:27:38,Sahid Gangalal National Heart Center,ventilator issue,NKV 550,Break Down Call (On Site),#1733884939,Prabhakar Neupane,Abiral Dulal,
2025-01-24 17:24:15,Sahid Gangalal National Heart Center,Ventilator Issue,NKV 550,Break Down Calls,#1733884169,Samir Paudel,N/A,
2025-02-19 17:08:51,Sahid Gangalal National Heart Center,ventilator spare change,NKV 550,Break Down Calls,#1733884313,Samir Paudel,Nishen Adhikari,
2024-07-11 16:41:35,Sahid Memorial Hospital, Payment Issue,BTS350,Others,#3714624,N/A,N/A,
2025-05-21 21:55:07,Sahid Memorial Hospital,baseline error,BTS350,Break Down Calls,#1733884737,Sneha,N/A,
2024-10-30 17:37:03,Sahid Memorial Hospital,Baseline Error,BTS350,Break Down Calls,#1255105,Sneha,N/A,
2024-08-20 16:14:36,Sahid Memorial Hospital,Baseline not pass,BTS350,Break Down Calls,#6175072,N/A,N/A,
2026-06-02 15:19:08,Sahid Memorial Hospital,change peristaltic tube,BTS350,Break Down Call (On Site),#1733886331,Sneha,N/A,
2024-08-15 13:01:53,Sahid Memorial Hospital,Installation of machine,BTS350,Installation,#7584093,N/A,N/A,
2025-08-20 11:43:40,Sahid Memorial Hospital,PMS of the machine,BTS350,PMS,#1733885219,Sneha,N/A,
2024-06-25 12:46:04,Sahid Memorial Hospital,BTS350 ISSUE,BTS350,Follow-up(Observation),#9627908,N/A,N/A,
2025-04-30 11:19:18,Sahid Memorial Hospital,BTS PMS,BTS350,PMS,#1733884646,Sneha,N/A,
2025-01-28 17:49:13,Sahid Memorial Hospital,PMS OF BTS350,BTS350,PMS,#1733884187,Sneha,N/A,
2024-12-30 15:54:45,Sahid Memorial Hospital,PMS of the machine,BTS350,PMS,#1733884020,Sneha,N/A,
2025-01-01 05:42:06,Samjhana Laboratory,Avantor - PMS and Expiry Alert !! (3),H33s,PMS,#1733884030,N/A,N/A,
2024-08-12 15:31:26,Samjhana Laboratory,Background abnormal,H33s,Break Down Calls,#8634333,N/A,N/A,
2024-07-18 16:49:55,Samjhana Laboratory,Background voltage abnormal,H33s,Break Down Calls,#5388595,Prabhakar Neupane,N/A,
2024-07-15 10:46:30,Samjhana Laboratory,Background voltage abnormal,H33s,Break Down Calls,#5272713,Prabhakar Neupane,N/A,
2025-06-25 10:11:41,Samjhana Laboratory,Breakdown,H33s,Break Down Call (On Site),#1733884925,Sujan Babu Karki,N/A,
2024-05-28 15:01:05,Samjhana Laboratory,Dilute Lyse Expired,H33s,Break Down Calls,#2241127,Sneha,N/A,"1. Dilute Lyse Expired.
2. PMS"
2025-04-27 13:51:49,Samjhana Laboratory,H33s issue,H33s,Break Down Calls,#1733884627,Sujan Babu Karki,N/A,
2025-07-07 12:39:30,Samjhana Laboratory,LYSE DILUENT EXPIRED,H33s,Break Down Call (On Site),#1733884985,Sujan Babu Karki,N/A,
2024-11-14 17:34:09,Samjhana Laboratory,Platelet High,H33s,Break Down Calls,#4230741,Sujan Babu Karki,N/A,
2025-01-02 16:32:38,Samjhana Laboratory,PMS of the machine,H33s,PMS,#1733884040,N/A,N/A,
2025-04-21 18:07:20,Samjhana Laboratory,RBC aparture voltage abnormal,H33s,Break Down Calls,#1733884606,Prabhakar Neupane,N/A,
2024-10-09 12:02:40,Samjhana Laboratory,Result issue,H33s,Break Down Calls,#1121494,N/A,N/A,
2024-10-23 14:10:23,Samjhana Laboratory,WBC high,H33s,Break Down Calls,#8648099,Sujan Babu Karki,N/A,
2025-08-18 15:18:57,Samyak Diagnostic Laboratory Pvt. Ltd.,issue in baseline error,BTS350,Break Down Call (On Call),#1733885207,Sneha,N/A,
2025-06-18 20:28:33,Saptakoshi Hospital - Biratnagar,installation of ismart 30pro,i-SMART 30 PRO,Installation,#1733884886,Pradip Baral,N/A,
2025-09-28 14:10:17,Saptakoshi Hospital - Biratnagar,ISMART 30PRO PMS,i-SMART 30 PRO,PMS,#1733885432,N/A,N/A,
2026-05-05 09:22:59,Save Life Hospital & Research Center,30pro fan not working,i-SMART 30 PRO,Break Down Call (On Site),#1733886232,Sneha,N/A,
2025-04-22 22:25:27,Save Life Hospital & Research Center,installation of bts,BTS,Installation,#1733884614,Pradip Baral,N/A,
2025-04-22 22:26:04,Save Life Hospital & Research Center,installation of ismart30pro,i-SMART 30 PRO,Installation,#1733884615,Pradip Baral,N/A,
2025-10-16 16:49:39,Save Life Hospital & Research Center,light measure issue,BTS,Break Down Call (On Call),#1733885478,Sneha,N/A,
2025-12-30 17:01:51,Save Life Hospital & Research Center,Software Update,BTS,Break Down Call (On Site),#1733885795,Prabhakar Neupane,N/A,
2026-05-24 10:11:07,Seed Medical Laboratories - Butwal,A-15 photometry Issue,A15,Break Down Call (On Call),#1733886294,Ashish Pathak,N/A,
2025-04-24 13:38:49,Shikhar Public Polyclinic Pvt. Ltd.,ba200 overflow rotor,BA200,Break Down Calls,#1733884621,Sujan Babu Karki,N/A,
2024-07-30 10:05:35,Shikhar Public Polyclinic Pvt. Ltd.,BA200 stirrer home error,BA200,Break Down Calls,#4599954,Prabhakar Neupane,N/A,
2025-04-16 21:16:06,Shikhar Public Polyclinic Pvt. Ltd.,ISSUE IN BA200,BA200,Break Down Calls,#1733884589,Samir Paudel,N/A,
2025-03-02 17:47:57,Shikhar Public Polyclinic Pvt. Ltd.,Issue in BA200,BA200,Break Down Calls,#1733884386,Samir Paudel,N/A,
2025-12-11 14:57:41,Shikhar Public Polyclinic Pvt. Ltd.,overflow issue,BA200,Break Down Call (On Site),#1733885714,Sujan Babu Karki,N/A,
2024-07-31 16:31:06,Shikhar Public Polyclinic Pvt. Ltd.,PMS of BA200,BA200,PMS,#3510017,N/A,N/A,
2025-02-09 10:52:47,Shikhar Public Polyclinic Pvt. Ltd.,PMS of the ba200,BA200,PMS,#1733884239,Samir Paudel,N/A,
2025-05-07 17:52:55,Shikhar Public Polyclinic Pvt. Ltd.,PMS of the machine,BA200,PMS,#1733884668,Sneha,N/A,
2025-02-28 17:12:58,Shikhar Public Polyclinic Pvt. Ltd.,problem in home of rotor,BA200,Break Down Calls,#1733884379,Samir Paudel,N/A,
2025-12-02 12:14:21,Shikhar Public Polyclinic Pvt. Ltd.,pump issue,BA200,Break Down Call (On Site),#1733885681,Abiral Dulal,N/A,
2025-04-13 12:42:09,Shikhar Public Polyclinic Pvt. Ltd.,pump issue,BA200,Break Down Calls,#1733884573,Sujan Babu Karki,N/A,
2024-12-04 16:29:21,Shikhar Public Polyclinic Pvt. Ltd.,QC out of range,BA200,Break Down Calls,#3972678,N/A,N/A,
2025-12-09 11:25:02,Shikhar Public Polyclinic Pvt. Ltd.,rotor overflow issue,BA200,Break Down Call (On Site),#1733885703,Samir Paudel,N/A,
2025-03-19 18:12:18,Shikhar Public Polyclinic Pvt. Ltd.,Rotor overflow issue,BA200,Break Down Calls,#1733884472,Samir Paudel,N/A,
2025-12-09 09:44:10,Shikhar Public Polyclinic Pvt. Ltd.,water aspiration issue,BA200,Break Down Call (On Site),#1733885702,Sujan Babu Karki,N/A,
2024-11-14 08:58:05,Shikhar Public Polyclinic Pvt. Ltd.,BioSystems - PMS and Expiry Alert !!,BA200,PMS,#1731553985,N/A,N/A,
2025-05-20 22:01:44,Shrijana Medical Center,PMS OF BA200,BA200,PMS,#1733884724,Sneha,N/A,
2025-12-26 13:05:30,Shrijana Medical Center,PMs of the machine,BA200,PMS,#1733885782,Sujan Babu Karki,N/A,
2025-03-03 09:59:08,Shrijana Medical Center,PMS of the machine - PMS WERE ON HOLD THAT TIME NEW TICKET RAISED,BA200,PMS,#1733884389,Sneha,N/A,
2025-07-10 17:55:32,Shrijana Medical Center,rotor overflow,BA200,Break Down Call (On Site),#1733885005,Sujan Babu Karki,N/A,
2025-08-11 11:31:27,Siddhartha Clinic & Path Lab,installation of bts,BTS,Installation,#1733885164,Pradip Baral,N/A,
2025-08-11 11:32:05,Siddhartha Clinic & Path Lab,installation of H33s,H33s,Installation,#1733885165,Pradip Baral,N/A,
2025-09-02 17:06:18,Siddhartha Clinic & Path Lab,issue in result,BTS,Break Down Call (On Site),#1733885270,Pradip Baral,N/A,
2025-08-25 17:15:30,Siddhartha Clinic & Path Lab,PHOTOMETRY ISSUE,BTS,Break Down Call (On Site),#1733885242,Pradip Baral,N/A,
2025-08-28 12:19:16,Siddhartha Clinic & Path Lab,result issue,BTS,Break Down Call (On Site),#1733885250,Pradip Baral,N/A,
2025-08-14 11:12:15,Siddhartha Clinic & Path Lab,Breakdown,BTS,Break Down Call (On Site),#1733885189,Pradip Baral,N/A,
2026-05-20 11:34:56,Siddhi Poly Path Lab,Application training,BTS,Installation,#1733886289,N/A,Supriya Kuikel,
2026-05-20 10:17:50,Siddhi Poly Path Lab,Installation of machine,BTS,Installation,#1733886288,Sneha,N/A,
2024-11-01 08:44:07,Sindhuli Hospital,Newster - PMS and Expiry Alert !!,SWT5,PMS,#1730429947,Sujan Babu Karki,N/A,
2025-03-02 17:47:37,Sindhuli Hospital,newster issue,SWT5,Break Down Calls,#1733884385,Sujan Babu Karki,N/A,
2024-06-10 11:18:35,Sindhuli Hospital,Operating Guidance of Machine ,SWT5,Break Down Calls,#9236107,N/A,N/A,Machine does not opetrate in automatic mode 
2025-09-21 11:58:10,Sindhuli Hospital,PMS NW5+,SWT5,PMS,#1733885382,Sujan Babu Karki,N/A,
2025-09-21 14:20:27,Sindhuli Hospital,PMS of the machine,SWT5,PMS,#1733885383,Sujan Babu Karki,N/A,
2024-06-07 15:16:50,Sindhuli Hospital,SWT5 operation,SWT5,Follow-up(Observation),#7561315,N/A,N/A,Machine did not operate due to low water pressure. 
2025-02-09 10:52:03,South Asian Healthcare Center Pvt. Ltd.,PMS OF BA200,BA200,PMS,#1733884238,N/A,N/A,
2025-05-27 21:50:40,South Asian Healthcare Center Pvt. Ltd.,pms of the machine,BA200,PMS,#1733884762,Samir Paudel,N/A,
2025-03-25 22:04:40,Sriraj Clinic,BASELINE ERROR,BTS,Break Down Calls,#1733884511,Pradip Baral,N/A,
2024-10-17 09:58:22,Sriraj Clinic,Baseline Error,BTS,Break Down Calls,#9300600,Pradip Baral,N/A,
2025-07-04 22:58:50,Sriraj Clinic,DISPLAY BOARD ISSUE,BTS,Break Down Call (On Site),#1733884975,Pradip Baral,N/A,
2025-08-06 17:20:23,Sriraj Clinic,Photometric issue,BTS,Break Down Call (On Site),#1733885154,Pradip Baral,N/A,
2025-03-03 10:05:23,Sriraj Clinic,PMS of the machine,BTS,PMS,#1733884392,Pradip Baral,N/A,
2025-05-09 19:51:42,Sriraj Clinic,result fluctuating,BTS,Break Down Calls,#1733884676,Pradip Baral,N/A,
2025-06-22 20:37:19,Stupa Community Hospital,hydroextractor issue,RVWE 15,Break Down Call (On Site),#1733884903,Sanu Kaji Tha,N/A,
2025-05-05 16:08:55,Stupa Community Hospital,Installation of machine,RTD 15,Installation,#1733884662,Sanu Kaji Tha,N/A,
2025-12-21 10:22:51,Stupa Community Hospital,issue in laundry,RVWE 15,Break Down Call (On Site),#1733885749,Sanu Kaji Tha,N/A,
2025-05-22 22:21:15,Stupa Community Hospital,issue in laundry,RTD 15,Break Down Calls,#1733884739,Sanu Kaji Tha,N/A,
2025-05-19 13:42:21,Stupa Community Hospital,issue in machine,RVWE 15,Break Down Calls,#1733884716,Sujan Babu Karki,N/A,
2025-07-09 10:46:47,Stupa Community Hospital,laundry check,RTD 15,Break Down Call (On Site),#1733884992,Sujan Babu Karki,N/A,
2026-01-29 12:34:31,Stupa Community Hospital,laundry issue,RVWE 15,Break Down Call (On Site),#1733885896,Sanu Kaji Tha,N/A,
2026-01-07 09:44:20,Stupa Community Hospital,laundry issue,RTD 15,Break Down Call (On Site),#1733885821,Sanu Kaji Tha,N/A,
2025-10-17 10:10:41,Stupa Community Hospital,PMS,RVWE 15,Break Down Call (On Site),#1733885487,Sanu Kaji Tha,N/A,
2025-09-28 13:56:13,Stupa Community Hospital,PMS of laundry,RVWE 15,N/A,#1733885428,Sujan Babu Karki,N/A,
2025-12-28 11:20:26,Stupa Community Hospital,PMS of the machine,RTD 15,Break Down Call (On Site),#1733885787,Sujan Babu Karki,N/A,
2025-02-07 21:27:38,Stupa Community Hospital,preinstallation visit,RVWE 15,Pre Installation,#1733884237,Sanu Kaji Tha,N/A,
2025-07-27 22:45:39,Subba Pathology & Clinic Pvt. Ltd.,ba200 issue,BA200,Break Down Call (On Site),#1733885096,Abiral Dulal,N/A,
2024-06-07 15:27:02,Subba Pathology & Clinic Pvt. Ltd.,BA200 program set up,BA200,Break Down Calls,#5874753,Sneha,N/A,"Need to set up new calibrator , qc "
2025-07-28 17:18:37,Subba Pathology & Clinic Pvt. Ltd.,baseline error,BA200,Break Down Call (On Site),#1733885102,Abiral Dulal,N/A,
2025-01-06 18:03:30,Subba Pathology & Clinic Pvt. Ltd.,baseline error,BA200,Break Down Calls,#1733884064,N/A,N/A,
2026-03-03 17:26:10,Subba Pathology & Clinic Pvt. Ltd.,baseline rejection,BA200,Break Down Call (On Site),#1733886017,Sneha,Pratikshya Budhathoki,
2024-07-24 17:54:21,Subba Pathology & Clinic Pvt. Ltd.,Computer connection issue,BA200,Break Down Calls,#1990487,Sujan Babu Karki,N/A,
2025-03-21 22:18:00,Subba Pathology & Clinic Pvt. Ltd.,home error,BA200,Break Down Calls,#1733884484,Sneha,N/A,
2024-11-06 18:01:26,Subba Pathology & Clinic Pvt. Ltd.,INTERNAL DOSING,BA200,Break Down Calls,#4520447,Samir Paudel,N/A,
2025-03-18 21:04:07,Subba Pathology & Clinic Pvt. Ltd.,issue in ba200,BA200,Break Down Calls,#1733884469,Sujan Babu Karki,N/A,
2024-10-30 17:37:22,Subba Pathology & Clinic Pvt. Ltd.,issue in vertical belt,BA200,Break Down Calls,#2834878,N/A,N/A,
2025-12-03 16:32:36,Subba Pathology & Clinic Pvt. Ltd.,new qc setup,BA200,Break Down Call (On Site),#1733885687,Sneha,N/A,
2025-10-17 09:57:22,Subba Pathology & Clinic Pvt. Ltd.,pms,BA200,Break Down Call (On Site),#1733885485,Abiral Dulal,N/A,
2025-09-28 14:07:09,Subba Pathology & Clinic Pvt. Ltd.,pms of BA200,BA200,PMS,#1733885431,N/A,N/A,
2025-02-23 11:41:09,Subba Pathology & Clinic Pvt. Ltd.,PMS OF BA200,BA200,PMS,#1733884339,Sneha,N/A,
2024-07-16 16:15:43,Subba Pathology & Clinic Pvt. Ltd.,PMS OF BA200,BA200,Break Down Calls,#8973210,Prabhakar Neupane,N/A,
2025-11-28 12:02:29,Subba Pathology & Clinic Pvt. Ltd.,PMS of the machine,BA200,PMS,#1733885658,Sneha,N/A,
2025-07-25 20:38:35,Subba Pathology & Clinic Pvt. Ltd.,qc setup,BA200,Break Down Call (On Call),#1733885085,Samir Paudel,N/A,
2025-08-26 11:11:49,Subba Pathology & Clinic Pvt. Ltd.,Reagent block and software update,BA200,Break Down Call (On Site),#1733885244,Samir Paudel,N/A,
2024-11-29 17:38:56,Subba Pathology & Clinic Pvt. Ltd.,result cross check,BA200,OnSite Visit,#5494833,Prabhakar Neupane,N/A,
2025-10-17 09:56:47,Subba Pathology & Clinic Pvt. Ltd.,"Wash station stuck, home error",BA200,Break Down Call (On Site),#1733885484,Abiral Dulal,N/A,
2025-06-03 16:45:04,Subba Pathology & Clinic Pvt. Ltd.,waste issue,BA200,Break Down Calls,#1733884785,Sujan Babu Karki,N/A,
2025-08-15 14:15:58,Subba Pathology & Clinic Pvt. Ltd.,Breakdown,BA200,Break Down Call (On Call),#1733885199,Prabhakar Neupane,N/A,
2024-10-01 17:58:40,Sudha Polyclinic Pvt. Ltd.,qc out of range,BA200,Break Down Calls,#4551276,N/A,N/A,
2024-09-29 14:41:17,Sudha Polyclinic Pvt. Ltd.,QC AND CALIBRATION VALUE,BA200,OnSite Visit x UT x FollowUp x Application,#3034127,Sneha,N/A,
2025-06-30 18:30:43,Sudha Polyclinic Pvt. Ltd.,Application issue,BA200,Break Down Call (On Call),#1733884951,Prabhakar Neupane,N/A,
2026-05-25 17:00:17,Sudha Polyclinic Pvt. Ltd.,baseline error,BA200,Break Down Call (On Site),#1733886303,Samir Paudel,N/A,
2025-06-09 20:47:53,Sudha Polyclinic Pvt. Ltd.,PMS OF BA200,BA200,PMS,#1733884825,Samir Paudel,N/A,
2025-03-16 14:32:54,Sudha Polyclinic Pvt. Ltd.,PMS of the machine,BA200,PMS,#1733884449,Sneha,N/A,
2024-09-24 14:17:41,Sudha Polyclinic Pvt. Ltd.,PMS of the machine,BA200,Break Down Calls,#1710103,N/A,N/A,
2025-02-23 16:48:42,Sudha Polyclinic Pvt. Ltd.,total bilrubin setup,BA200,Break Down Calls,#1733884343,Sneha,N/A,
2025-06-29 11:04:17,Sukraraj Tropical Hospital,Application Issue,BA400,Break Down Call (On Site),#1733884947,Prabhakar Neupane,N/A,
2024-05-21 11:32:38,Sukraraj Tropical Hospital,BA400 Application issue,BA400,Break Down Calls,#2204249,Sneha,N/A,Error in programming of quality control of certain tests.
2024-10-30 17:42:28,Sukraraj Tropical Hospital,BA400 issue internal dosing,BA400,BreakDownCalls,#2183718,Prabhakar Neupane,N/A,
2026-05-24 13:45:14,Sukraraj Tropical Hospital,baseline error,BA400,N/A,#1733886298,Pratikshya Budhathoki,Pratikshya Budhathoki,
2025-07-06 13:25:20,Sukraraj Tropical Hospital,baseline error,BA400,Break Down Call (On Site),#1733884977,Abiral Dulal,N/A,
2025-09-28 15:18:47,Sukraraj Tropical Hospital,Baseline rejection,BA400,Break Down Call (On Site),#1733885441,Sujan Babu Karki,Abiral Dulal,
2025-09-24 16:34:28,Sukraraj Tropical Hospital,Baseline rejection,BA400,Break Down Call (On Site),#1733885416,Samir Paudel,N/A,
2026-05-15 09:53:27,Sukraraj Tropical Hospital,bd,BA400,Break Down Call (On Site),#1733886276,Sneha,N/A,
2025-08-25 11:58:28,Sukraraj Tropical Hospital,Breakdown,BA400,Break Down Call (On Site),#1733885241,Sneha,N/A,
2025-09-25 11:39:42,Sukraraj Tropical Hospital,check valve change,BA400,Break Down Call (On Site),#1733885418,Sneha,N/A,
2024-05-22 12:37:46,Sukraraj Tropical Hospital,Distillation Plant spare parts replacement,DI Ultra,Break Down Calls,#4646165,Sneha,N/A,Need to change RO membrane of Distillation Plant.
2025-03-03 17:50:43,Sukraraj Tropical Hospital,Home sensor and KNF pump damaged,BA400,Break Down Calls,#1733884398,Sneha,Nishen Adhikari,
2025-11-09 09:30:45,Sukraraj Tropical Hospital,PROBE  BENT,BA400,Break Down Call (On Site),#1733885576,Sneha,N/A,
2025-06-01 17:22:40,Sukraraj Tropical Hospital,Rotor overflow issue,BA400,Break Down Calls,#1733884776,Sujan Babu Karki,N/A,
2025-11-21 11:21:28,Sukraraj Tropical Hospital,Sample probe change,BA400,Break Down Call (On Site),#1733885625,Sneha,N/A,
2024-08-01 11:20:49,Sukraraj Tropical Hospital,Water output low,DI Ultra,Break Down Calls,#9622564,N/A,N/A,
2024-09-12 15:08:19,Sukraraj Tropical Hospital,Application Issue,BA400,Break Down Calls,#2565843,Samir Paudel,N/A,
2024-05-15 15:26:36,Sukraraj Tropical Hospital,BA400 - Stirrer 1 Home Sensor Error,BA400,Break Down Calls,#4665933,Sneha,N/A,BA400 - Stirrer 1 Home Sensor Error. Replaced a new home sensor.
2024-12-26 15:02:43,Sukraraj Tropical Hospital,BA400 issue,BA400,Break Down Calls,#1733884005,N/A,N/A,
2024-12-05 16:38:31,Sukraraj Tropical Hospital,BA400 issue,BA400,Break Down Calls,#2111224,N/A,N/A,
2025-01-10 17:29:35,Sukraraj Tropical Hospital,BA400 wash station collision,BA400,Break Down Calls,#1733884087,Abiral Dulal,N/A,
2025-12-24 14:32:54,Sukraraj Tropical Hospital,baseline rejection,BA400,Break Down Call (On Site),#1733885763,N/A,Prabhakar Neupane,
2025-09-07 09:38:56,Sukraraj Tropical Hospital,baseline rejection,BA400,Break Down Call (On Site),#1733885300,Samir Paudel,N/A,
2025-03-17 21:19:46,Sukraraj Tropical Hospital,baseline rejection,BA400,Break Down Calls,#1733884463,Samir Paudel,Sneha Munankami,
2025-09-04 12:58:13,Sukraraj Tropical Hospital,Breakdown,BA400,Break Down Call (On Site),#1733885286,Sneha,N/A,
2026-04-24 11:42:14,Sukraraj Tropical Hospital,Calibrator run,BA400,Break Down Call (On Site),#1733886197,Sneha,N/A,
2024-10-22 17:35:02,Sukraraj Tropical Hospital,Collision error,BA400,Break Down Calls,#4485577,N/A,N/A,
2025-12-21 11:36:48,Sukraraj Tropical Hospital,communication error,BA400,Break Down Call (On Site),#1733885751,Abiral Dulal,Prabhakar Neupane,
2025-12-03 10:13:32,Sukraraj Tropical Hospital,communication error,BA400,Break Down Call (On Call),#1733885685,Sneha,N/A,
2025-08-12 11:35:10,Sukraraj Tropical Hospital,di plant inspection,DI Ultra,Break Down Call (On Site),#1733885168,Sujan Babu Karki,N/A,
2025-04-27 13:52:21,Sukraraj Tropical Hospital,DI plant inspection,DI Ultra,Break Down Calls,#1733884628,Prabhakar Neupane,Sujan Babu Karki,
2024-09-18 12:32:55,Sukraraj Tropical Hospital,DI plant Issue,DI Ultra,Break Down Calls,#9203170,N/A,N/A,
2024-08-13 11:36:30,Sukraraj Tropical Hospital,DI plant Issue,DI Ultra,Break Down Calls,#9218603,N/A,N/A,
2024-08-11 15:20:15,Sukraraj Tropical Hospital,DI plant Issue,DI Ultra,Break Down Calls,#2644180,N/A,N/A,
2024-12-29 16:50:23,Sukraraj Tropical Hospital,fludic obstruction,BA400,Break Down Calls,#1733884014,Abiral Dulal,N/A,
2024-09-29 14:38:02,Sukraraj Tropical Hospital,Follow up of the machine,DI ULTRA,OnSite Visit x UT x FollowUp x Application,#7847159,N/A,N/A,
2025-07-02 18:24:39,Sukraraj Tropical Hospital,issue in aspiration,BA400,Break Down Call (On Site),#1733884960,Abiral Dulal,N/A,
2024-05-13 16:17:40,Sukraraj Tropical Hospital,Issue in BA400,BA400,Break Down Calls,#7714978,Sneha,N/A,
2025-02-28 16:59:05,Sukraraj Tropical Hospital,issue in ba400,BA400,Break Down Calls,#1733884375,Abiral Dulal,N/A,
2024-10-07 09:51:56,Sukraraj Tropical Hospital,issue in BA400,BA400,Break Down Calls,#4069472,N/A,N/A,
2024-05-08 11:41:38,Sukraraj Tropical Hospital,Issue in calibration and control reports,BA400,Break Down Calls,#6093948,Web Trading Concern Pvt. Ltd.,N/A,
2025-03-04 17:30:54,Sukraraj Tropical Hospital,issue in di plant,DI Ultra,Break Down Calls,#1733884404,Abiral Dulal,N/A,
2025-02-07 16:40:38,Sukraraj Tropical Hospital,issue in di plant,DI Ultra,Break Down Calls,#1733884234,N/A,N/A,
2025-10-17 10:50:24,Sukraraj Tropical Hospital,issue in DIplant,DI Ultra,Break Down Call (On Site),#1733885493,Sujan Babu Karki,N/A,
2026-01-28 14:03:47,Sukraraj Tropical Hospital,laundry issue,RVW 50,Break Down Call (On Site),#1733885894,Sanu Kaji Tha,N/A,
2024-07-02 15:12:06,Sukraraj Tropical Hospital,Laundry Issue,RVW 50,Break Down Calls,#8968853,Sujan Babu Karki,N/A,
2025-08-19 09:40:27,Sukraraj Tropical Hospital,laundry issue hydroextractor,RVW 50,Break Down Call (On Site),#1733885212,Sujan Babu Karki,N/A,
2025-09-02 17:01:31,Sukraraj Tropical Hospital,LAUNDRY MAINTENANCE,RVW 50,Break Down Call (On Site),#1733885266,Sujan Babu Karki,N/A,
2025-09-01 09:24:17,Sukraraj Tropical Hospital,laundry repair,RVW 50,Break Down Call (On Site),#1733885256,Sujan Babu Karki,Sanu Kaji Tha,
2025-08-27 12:15:48,Sukraraj Tropical Hospital,laundry repair,RVW 50,Break Down Call (On Site),#1733885247,Sujan Babu Karki,Sanu Kaji Tha,
2024-07-28 13:55:10,Sukraraj Tropical Hospital,Low water throughput,DI Ultra,Break Down Calls,#4263994,N/A,N/A,
2026-04-23 16:00:59,Sukraraj Tropical Hospital,Overall check,BA400,Break Down Call (On Site),#1733886196,Sneha,N/A,
2024-11-05 14:33:18,Sukraraj Tropical Hospital,PMS of the machine,BA400,PMS,#3986087,Prabhakar Neupane,N/A,
2024-11-11 17:28:51,Sukraraj Tropical Hospital,Qc issue,BA400,Break Down Calls,#9249439,Prabhakar Neupane,N/A,
2024-08-09 17:08:58,Sukraraj Tropical Hospital,Result Abnormal,BA400,Break Down Calls,#3218079,Prabhakar Neupane,N/A,
2024-11-27 16:24:03,Sukraraj Tropical Hospital,Rotor overflow issue,BA400,Break Down Calls,#8193187,Samir Paudel,"SnehaMunankami,",
2024-12-19 17:17:20,Sukraraj Tropical Hospital,sample rejectioand stirrer home sensor error,BA400,Break Down Calls,#1733883962,Sneha,Anu Shrestha,
2026-01-25 11:02:45,Sukraraj Tropical Hospital,sensor issue,BA400,Break Down Call (On Site),#1733885881,Sneha,N/A,
2026-01-20 10:06:27,Sukraraj Tropical Hospital,stirrer home error,BA400,Break Down Call (On Site),#1733885868,N/A,Sneha Munankami,
2025-01-27 16:54:02,Sukraraj Tropical Hospital,Substrate depletion,BA400,Break Down Calls,#1733884181,Samir Paudel,"Nishen Adhikari,",
2025-06-24 13:57:08,Sukraraj Tropical Hospital,washing solution error,BA400,Break Down Call (On Site),#1733884918,Prabhakar Neupane,N/A,
2025-07-25 20:36:41,Sukraraj Tropical Hospital,waste tank issue,BA400,Break Down Call (On Site),#1733885083,Samir Paudel,N/A,
2024-09-09 12:38:38,Sukraraj Tropical Hospital,Water Tank Empty,BA400,Break Down Calls,#7929007,N/A,N/A,
2024-07-05 11:13:28,Sukraraj Tropical Hospital,Water tank empty or impossible to fill in,BA400,Break Down Calls,#9311189,N/A,N/A,
2024-09-11 16:00:53,Sukraraj Tropical Hospital,Water tank limit issue,BA400,Break Down Calls,#1589255,N/A,N/A,
2025-02-09 10:56:15,Sunrise Polyclinic & Diagnostic Center Pvt. Ltd.,EXPIRY ALERT - WILL MAKE AMC BASED ON AGREEEMENT CONTRACT,BA200,AMC Proposal,#1733884243,N/A,N/A,
2024-11-12 14:02:40,Sunrise Polyclinic & Diagnostic Center Pvt. Ltd.,PMS of the machine,BA200,PMS,#3482732,N/A,N/A,
2025-12-04 12:16:03,Sunshine Healthcare Center - Pokhara,Application Issue,Piccolo Chem,Break Down Call (On Site),#1733885691,Binita Paudel,N/A,
2025-10-16 22:35:49,Sunshine Healthcare Center - Pokhara,application issue,Piccolo Chem,Break Down Call (On Site),#1733885479,Binita Paudel,N/A,
2025-02-13 11:19:38,Sunshine Healthcare Center - Pokhara,Chem200 4th pms,Chem200,PMS,#1733884263,N/A,N/A,
2026-01-14 12:16:30,Sunshine Healthcare Center - Pokhara,halogen lamp,Piccolo Chem,Break Down Call (On Site),#1733885850,Binita Paudel,N/A,
2025-07-27 17:28:57,Sunshine Healthcare Center - Pokhara,ISSUE IN QC,Piccolo Chem,Break Down Call (On Call),#1733885090,Abiral Dulal,N/A,
2025-12-21 10:01:00,Sunshine Healthcare Center - Pokhara,lamp expired,Piccolo Chem,Break Down Call (On Site),#1733885748,Binita Paudel,N/A,
2025-12-03 16:34:40,Sunshine Healthcare Center - Pokhara,lamp issue,Piccolo Chem,Break Down Call (On Site),#1733885690,Samir Paudel,Binita Paudel,
2025-03-28 21:46:07,Sunshine Healthcare Center - Pokhara,Piccolo Chem installation,Piccolo Chem,Installation,#1733884527,Prabhakar Neupane,Ashish Pathak,
2025-05-21 21:54:22,Sunshine Healthcare Center - Pokhara,pms of Piccolo Chem,Piccolo Chem,PMS,#1733884736,Samir Paudel,N/A,
2025-09-28 14:34:27,Sunshine Healthcare Center - Pokhara,PMS-Picolo Chem,Piccolo Chem,PMS,#1733885440,Pratikshya Budhathoki,N/A,
2025-06-20 09:57:07,Sunshine Healthcare Center - Pokhara,to add test,Piccolo Chem,Break Down Call (On Call),#1733884888,Ashish Pathak,N/A,
2025-10-10 11:52:50,Sunshine Healthcare Center - Pokhara,"Adding new parameters(hdl,ldl)",Piccolo Chem,Break Down Call (On Site),#1733885460,N/A,N/A,
2024-07-05 12:52:08,Sunshine Healthcare Center - Pokhara,Application Issue,Chem200,Application,#1655894,Prabhakar Neupane,N/A,"application issue, training"
2025-10-13 09:37:58,Sunshine Healthcare Center - Pokhara,Optical error,Piccolo Chem,Break Down Call (On Site),#1733885468,Binita Paudel,N/A,
2024-09-12 18:03:54,Sunshine Healthcare Center - Pokhara,Communication error,Chem200,Break Down Calls,#5825876,Ashish Pathak,N/A,
2024-07-03 16:28:04,Sunshine Healthcare Center - Pokhara,Issue,Chem200,Break Down Calls,#8155421,Prabhakar Neupane,N/A,
2024-12-10 16:50:00,Sunshine Healthcare Center - Pokhara,followup of ECG,iE12A,OnSiteVisit,#8512585,N/A,N/A,
2025-12-26 13:03:38,Sunshine Medical Center,PMs of the machine,BA200,PMS,#1733885781,Sujan Babu Karki,N/A,
2024-10-21 17:27:45,Sunshine Medical Center,barcode issue lyse ran out,H33s,Break Down Calls,#5057932,Sneha,N/A,
2026-04-27 14:59:27,Sunshine Medical Center,Baseline error,BA200,Break Down Call (On Site),#1733886209,Pratikshya Budhathoki,N/A,
2025-11-13 16:38:23,Sunshine Medical Center,H33S result error,H33s,Break Down Call (On Call),#1733885600,Samir Paudel,N/A,
2025-04-01 17:03:45,Sunshine Medical Center,Installation of machine,BA200,Installation,#1733884539,Sujan Babu Karki,N/A,
2024-09-27 13:04:38,Sunshine Medical Center,Issue with Hematology Analyzer,H33s,Break Down Calls,#6529067,Samir Paudel,N/A,
2024-09-24 14:24:43,Sunshine Medical Center,Machine check and replacement talk,BA200,Break Down Calls,#7774325,Samir Paudel,Nishen Adhikari,
2025-09-23 12:55:30,Sunshine Medical Center,PMS,BA200,PMS,#1733885393,N/A,N/A,SN: 832002194
2025-06-23 09:55:14,Sunshine Medical Center,Result backup error issue,BA200,Break Down Call (On Site),#1733884908,Prabhakar Neupane,N/A,
2025-06-20 10:56:12,Sunshine Medical Center,Fluidic obstruction,BA200,Break Down Call (On Site),#1733884890,Abiral Dulal,N/A,
2024-10-01 18:02:23,Sunshine Medical Center,Home sensor error,BA200,Break Down Calls,#2008782,Samir Paudel,Nishen Adhikari,
2025-04-13 12:40:53,Sunshine Medical Center,Inspection of BA200,BA200,Installation,#1733884570,Sujan Babu Karki,N/A,
2026-01-16 10:10:42,Sunshine Medical Center,PMS of the machine,BA200,Break Down Call (On Site),#1733885853,Sujan Babu Karki,N/A,
2024-12-19 16:55:07,Sunshine Medical Center,pre instalation visit,BA200,Pre Installation,#1733883959,Abiral Dulal,N/A,
2025-06-20 18:38:52,Sunshine Medical Center,qc report issue,BA200,Break Down Call (On Call),#1733884895,Prabhakar Neupane,N/A,
2025-09-07 09:37:52,Super Healthcare Polyclinic & Diagnostic Center Pvt. Ltd.,leakage,BA200,Break Down Call (On Site),#1733885298,Abiral Dulal,N/A,
2025-09-15 21:42:56,Super Healthcare Polyclinic & Diagnostic Center Pvt. Ltd.,leakage issue,BA200,Break Down Call (On Site),#1733885319,Abiral Dulal,N/A,
2025-09-08 09:58:30,Super Healthcare Polyclinic & Diagnostic Center Pvt. Ltd.,leakage issue,BA200,Break Down Call (On Site),#1733885302,Abiral Dulal,N/A,
2025-12-29 13:41:09,Super Healthcare Polyclinic & Diagnostic Center Pvt. Ltd.,PMS of the machine,BA200,PMS,#1733885791,Abiral Dulal,N/A,
2025-06-18 11:21:35,Super Healthcare Polyclinic & Diagnostic Center Pvt. Ltd.,PMS of the machine,BA200,PMS,#1733884872,Abiral Dulal,N/A,
2024-11-15 15:34:28,Super Healthcare Polyclinic & Diagnostic Center Pvt. Ltd.,PMS of the machine,BA200,PMS,#7746973,N/A,N/A,
2025-07-11 17:30:46,Super Healthcare Polyclinic & Diagnostic Center Pvt. Ltd.,software update,BA200,Break Down Call (On Call),#1733885014,Sneha,N/A,
2025-06-23 09:57:10,Super Healthcare Polyclinic & Diagnostic Center Pvt. Ltd.,Training and QC,BA200,Break Down Call (On Site),#1733884909,Abiral Dulal,N/A,
2025-02-04 17:02:13,Sushil Koirala Prakhar Cancer Hospital,autoclave check,Autoclave - Horizontal,Break Down Calls,#1733884216,Sujan Babu Karki,N/A,
2025-08-01 20:53:09,Sushil Koirala Prakhar Cancer Hospital,autoclave issue,Autoclave - Horizontal,Break Down Call (On Call),#1733885129,Sujan Babu Karki,N/A,
2025-01-14 08:58:06,Swarnim Medical Center Pvt. Ltd.,BioSystems - PMS and Expiry Alert !! (15),BA200,N/A,#1733884106,N/A,N/A,
2026-05-10 10:37:04,Swarnim Medical Center Pvt. Ltd.,issue in sensor,BA200,Break Down Call (On Site),#1733886253,Prabhakar Neupane,N/A,
2025-05-27 21:48:42,Swarnim Medical Center Pvt. Ltd.,operation of machine,BA200,PMS,#1733884759,Samir Paudel,N/A,
2024-11-06 11:55:13,Swarnim Medical Center Pvt. Ltd.,PMS of the machine,BA200,PMS,#1519367,Prabhakar Neupane,N/A,
2025-08-14 17:54:29,Swarnim Medical Center Pvt. Ltd.,Application Issue,BA200,Break Down Call (On Call),#1733885194,Abiral Dulal,N/A,
2025-08-13 16:51:30,Swarnim Medical Center Pvt. Ltd.,Application Issue,BA200,Break Down Call (On Call),#1733885183,Abiral Dulal,N/A,Operating issue and qc issue
2025-08-12 13:21:12,Swarnim Medical Center Pvt. Ltd.,ba200 formatting,BA200,Break Down Call (On Site),#1733885170,Abiral Dulal,Shiwam Paudel,
2025-08-21 09:31:57,Swarnim Medical Center Pvt. Ltd.,"hdl, ldl issue",BA200,Break Down Call (On Call),#1733885225,Abiral Dulal,N/A,
2025-10-17 10:18:58,Swarnim Medical Center Pvt. Ltd.,PMS,BA200,PMS,#1733885490,Abiral Dulal,N/A,
2026-01-27 11:26:57,Swarnim Medical Center Pvt. Ltd.,PMS of the machine,BA200,PMS,#1733885891,Prabhakar Neupane,N/A,
2026-05-18 18:09:52,Swarnim Medical Center Pvt. Ltd.,Spare parts change Photometric Detector board,BA200,Break Down Call (On Site),#1733886284,Sneha,N/A,
2025-10-17 10:18:30,Swarnim Medical Center Pvt. Ltd.,water tank to limit issue,BA200,Break Down Call (On Site),#1733885489,Abiral Dulal,N/A,
2024-12-02 14:00:28,Syrup Healthcare Pvt. Ltd.,BA200 software update,BA200,Break Down Calls,#5260168,N/A,N/A,
2024-12-26 08:58:06,Syrup Healthcare Pvt. Ltd.,BioSystems - PMS and Expiry Alert !! (7)  new ticket raised for pms,BA200,N/A,#1733883997,N/A,N/A,
2025-03-21 22:17:34,Syrup Healthcare Pvt. Ltd.,home error,BA200,Break Down Calls,#1733884483,Sneha,N/A,
2026-05-11 11:38:15,Syrup Healthcare Pvt. Ltd.,Photo detector board &amp; vertical belt change,BA200,Break Down Call (On Site),#1733886256,Prabhakar Neupane,Supriya Kuikel,
2024-09-26 14:41:58,Syrup Healthcare Pvt. Ltd.,PMS,BA200,PMS,#9843501,N/A,N/A,
2025-12-26 13:02:26,Syrup Healthcare Pvt. Ltd.,pms of the machine,BA200,PMS,#1733885780,Abiral Dulal,N/A,
2024-05-15 12:03:37,Syrup Healthcare Pvt. Ltd.,BA200 - Reaction Rotor Issue,BA200,Break Down Calls,#2856014,Sneha,N/A,Issue regarding reactor rotor of BA200
2025-02-23 17:33:41,T.U. Teaching Hospital,755 not working,Taski Swingo 755,Break Down Calls,#1733884345,Sanu Kaji Tha,N/A,
2025-03-16 17:30:56,T.U. Teaching Hospital,issue in Centrifuge,Centrifuge 5702/R,Break Down Calls,#1733884456,Sujan Babu Karki,N/A,
2025-08-18 15:18:30,T.U. Teaching Hospital,issue in ergodisc 165,Ergodisc 165,Break Down Call (On Site),#1733885206,Sanu Kaji Tha,N/A,
2025-08-12 17:28:10,T.U. Teaching Hospital,Issue in Phototherapy,Wholebody Phototherapy,Break Down Call (On Site),#1733885176,Sujan Babu Karki,N/A,
2026-05-07 09:57:11,T.U. Teaching Hospital,need  to replace spare part on machine,Ergodisc 165,Break Down Call (On Site),#1733886245,Sanu Kaji Tha,N/A,
2024-07-29 12:34:40,T.U. Teaching Hospital,PMS of Wholebody Phototherapy,Wholebody Phototherapy,PMS,#6928925,Sujan Babu Karki,N/A,
2026-04-30 10:12:52,T.U. Teaching Hospital,spares taken to mend the machine,Ergodisc 165,Break Down Call (On Site),#1733886218,Sanu Kaji Tha,N/A,
2025-01-29 16:40:58,T.U. Teaching Hospital,PMS of DermaChair,Dermachair,PMS,#1733884189,Sujan Babu Karki,N/A,
2024-12-10 16:54:21,T.U. Teaching Hospital,PMS of the machine,Wholebody Phototherapy,PMS,#9436997,Prabhakar Neupane,Prasanna Sigdel,
2025-09-04 12:36:08,Tamor Hospital,Breakdown,BTS,Break Down Call (On Site),#1733885283,Pradip Baral,N/A,Flow cell change.
2025-09-05 16:39:59,Tamor Hospital,Follow up of the machine,BTS,Break Down Call (On Site),#1733885290,Pradip Baral,N/A,
2025-02-07 21:25:57,Tamor Hospital,installation of bts,BTS,Installation,#1733884236,Pradip Baral,N/A,
2025-09-04 12:34:37,Tamor Hospital,Installation of machine,i-SMART 30 PRO,Installation,#1733885282,Pradip Baral,N/A,
2025-11-06 16:05:19,Tamor Hospital,PMS of the machine,BTS,PMS,#1733885568,N/A,N/A,
2026-02-11 10:33:19,Tamor Hospital,slope error,i-SMART 30 PRO,Break Down Call (On Call),#1733885960,Sneha,N/A,
2025-09-28 14:32:48,Taplejung Hospital,PMS-A1CARE,A1Care,PMS,#1733885439,N/A,N/A,
2025-01-16 08:58:07,Titan Healthcare Pvt. Ltd.,BioSystems - PMS and Expiry Alert !! (17),BA200,N/A,#1733884111,N/A,N/A,
2025-06-23 10:06:01,Titan Healthcare Pvt. Ltd.,PMS of the machine,BA200,PMS,#1733884915,Sujan Babu Karki,N/A,
2026-04-27 10:39:47,Tribhuvan International Airpot (TIA),Swingo 755 check,Taski Swingo 755,Break Down Call (On Site),#1733886204,Sanu Kaji Tha,N/A,
2026-01-16 10:11:16,Trishuli Hospital,PMS of the machine,SWT5,PMS,#1733885854,Sujan Babu Karki,N/A,
2025-01-22 10:02:28,Trishuli Hospital,PMS of the machine,SWT5,PMS,#1733884146,Sujan Babu Karki,N/A,
2024-09-10 12:56:34,Trishuli Hospital,PMS of the machine,SWT5,PMS,#2422721,Sujan Babu Karki,N/A,
2026-01-02 10:28:30,Tshorolpa Hospital,maintenance of macchine,EXI 1800,Break Down Call (On Site),#1733885806,Samir Paudel,N/A,
2024-06-11 14:12:17,Tshorolpa Hospital,Display Touch Issue,Z50,Break Down Calls,#6000070,N/A,N/A,
2024-09-09 13:52:57,Tshorolpa Hospital,"Glucose,Creatinine issue",Piccolo Chem,Application,#1963715,N/A,N/A,
2025-06-17 16:45:45,Tshorolpa Hospital,Hgb blank abnormal,Z50,Break Down Call (On Call),#1733884865,Prabhakar Neupane,N/A,
2025-03-07 17:15:04,Tshorolpa Hospital,issue in sampling assembly,Z50,Break Down Calls,#1733884415,Sneha,N/A,
2025-04-13 12:41:50,Tshorolpa Hospital,lipase issue,Piccolo Chem,Break Down Calls,#1733884572,Prabhakar Neupane,N/A,
2024-08-28 14:43:50,Tshorolpa Hospital,machine do not turn on,Z50,Break Down Calls,#7820416,Sneha,N/A,
2024-12-20 18:04:39,Tshorolpa Hospital,pms of Piccolo Chem,Piccolo Chem,PMS,#1733883969,N/A,N/A,
2025-06-06 14:18:07,Tshorolpa Hospital,QC ISSUE,Piccolo Chem,Break Down Call (On Call),#1733884807,Prabhakar Neupane,N/A,
2025-06-06 14:17:36,Tshorolpa Hospital,QC ISSUE AND SUBSTRATE ISSUE,EXI 1800,Break Down Call (On Call),#1733884806,Prabhakar Neupane,N/A,
2024-09-27 18:21:32,Tshorolpa Hospital,vitamin b12 error,EXI 1800,Break Down Calls,#1345985,N/A,N/A,
2024-12-25 14:07:33,Tshorolpa Hospital,z50 switch and power supply board issue,Z50,Break Down Calls,#1733883991,N/A,N/A,
2025-05-15 20:12:56,United Diagnostics Laboratory - Mahendranagar,pms of A25,A25,PMS,#1733884705,Samir Paudel,N/A,
2026-05-13 09:25:58,United Diagnostics Laboratory - Mahendranagar,Communications error,A25,Break Down Call (On Call),#1733886266,Ashish Pathak,N/A,
2026-05-08 09:45:30,United Diagnostics Laboratory - Mahendranagar,software issue,A25,Break Down Call (On Call),#1733886250,Ashish Pathak,N/A,
2024-11-08 11:37:57,Upatyaka Pathology & Clinic,Application Issue,BA200,Break Down Calls,#1972843,Samir Paudel,N/A,
2026-02-06 10:29:11,Upatyaka Pathology & Clinic,bilrubin qc issue,BA200,Break Down Call (On Call),#1733885935,Pratikshya Budhathoki,N/A,
2024-12-10 08:58:04,Upatyaka Pathology & Clinic,BioSystems - PMS and Expiry Alert !! (1),BA200,N/A,#1733800384,Abiral Dulal,N/A,
2026-05-13 15:11:07,Upatyaka Pathology & Clinic,Breakdown - Hardware Error,BA200,Break Down Call (On Site),#1733886270,Sujan Babu Karki,N/A,
2025-07-27 17:29:26,Upatyaka Pathology & Clinic,clot in sample,BA200,Break Down Call (On Call),#1733885091,Sneha,N/A,
2025-03-20 21:25:06,Upatyaka Pathology & Clinic,ISSUE IN BA200,BA200,Break Down Calls,#1733884480,Sujan Babu Karki,N/A,
2025-09-28 13:49:11,Upatyaka Pathology & Clinic,pms of BA200,BA200,AMC Proposal,#1733885425,N/A,N/A,
2026-01-30 14:34:22,Upatyaka Pathology & Clinic,PMS of the machine,BA200,PMS,#1733885907,Prabhakar Neupane,N/A,
2025-06-05 18:07:53,Upatyaka Pathology & Clinic,PMS of the machine,BA200,PMS,#1733884800,Sujan Babu Karki,N/A,
2025-03-03 10:02:41,Upatyaka Pathology & Clinic,PMS of the machine,BA200,PMS,#1733884391,N/A,N/A,
2025-10-17 17:06:52,Upatyaka Pathology & Clinic,substrate depletion,BA200,Break Down Call (On Site),#1733885498,Sneha,N/A,
2024-09-22 16:45:14,Upatyaka Pathology & Clinic,To Check machine and test parameter setup,BA200,Break Down Calls,#5204601,Prabhakar Neupane,N/A,
2024-09-25 17:28:23,Upatyaka Pathology & Clinic,Creatinine and bilrubin issue,BA200,OnSite Visit x UT x FollowUp x Application,#3376152,Sneha,N/A,
2025-01-05 08:58:06,Valley Medical Center Pvt. Ltd.,BioSystems - PMS and Expiry Alert !! (11),BA200,N/A,#1733884054,N/A,N/A,
2025-01-15 08:58:06,Valley Medical Center Pvt. Ltd.,BioSystems - PMS and Expiry Alert !! (16),BA200,N/A,#1733884107,Sneha,N/A,
2025-07-08 14:02:24,Welcare Diagnostic Center Pvt. Ltd.,CALIBRATION REPORTING,BA200,Office Work,#1733884989,Prabhakar Neupane,Abiral Dulal,
2025-12-09 09:41:35,Welcare Diagnostic Center Pvt. Ltd.,overflow issue,BA200,Break Down Call (On Site),#1733885700,Sujan Babu Karki,N/A,
2025-06-08 17:38:26,Welcare Diagnostic Center Pvt. Ltd.,PMS of the machine,BA200,PMS,#1733884818,Samir Paudel,N/A,
2025-03-16 14:36:09,Welcare Diagnostic Center Pvt. Ltd.,PMS of the machine,BA200,PMS,#1733884453,Sneha,N/A,
